<?xml version="1.0" encoding="UTF-8"?>
<kml xmlns="http://www.opengis.net/kml/2.2">
<Document>
  <name>Fazenda NSA - Pastos (editado)</name>
  <Placemark>
    <name>P13 - T27</name>
    <description><![CDATA[<b>Retiro:</b> NSA II<br/><b>Area aberta:</b> 16.96 ha<br/><b>Area efetiva:</b> 95 ha<br/><b>Potencial producao:</b> 8000<br/><b>Forragem:</b> Forragem 11<br/><b>Curral:</b> Nao<br/><b>IdCocho:</b> 77327<br/><b>IdPasto:</b> 56026]]></description>
    <MultiGeometry>
      <Polygon>
        <tessellate>1</tessellate>
        <outerBoundaryIs>
          <LinearRing>
            <coordinates>-45.3882873,-15.2205904,0 -45.3836954,-15.2229094,0 -45.3822792,-15.2205904,0 -45.3866994,-15.2181886,0 -45.3882873,-15.2205904,0</coordinates>
          </LinearRing>
        </outerBoundaryIs>
      </Polygon>
      <Point>
        <coordinates>-45.3852403,-15.2205697,0</coordinates>
      </Point>
    </MultiGeometry>
  </Placemark>
  <Placemark>
    <name>P21B - T27</name>
    <description><![CDATA[<b>Retiro:</b> NSA II<br/><b>Area aberta:</b> 17.7 ha<br/><b>Area efetiva:</b> 95 ha<br/><b>Potencial producao:</b> 8000<br/><b>Forragem:</b> Forragem 11<br/><b>Curral:</b> Nao<br/><b>IdCocho:</b> 121888<br/><b>IdPasto:</b> 97720]]></description>
    <MultiGeometry>
      <Polygon>
        <tessellate>1</tessellate>
        <outerBoundaryIs>
          <LinearRing>
            <coordinates>-45.3820366,-15.2103083,0 -45.3836244,-15.2128344,0 -45.3879589,-15.2105567,0 -45.3862852,-15.2079478,0 -45.3820366,-15.2103083,0</coordinates>
          </LinearRing>
        </outerBoundaryIs>
      </Polygon>
      <Point>
        <coordinates>-45.3849763,-15.2104118,0</coordinates>
      </Point>
    </MultiGeometry>
  </Placemark>
  <Placemark>
    <name>P22B - T27</name>
    <description><![CDATA[<b>Retiro:</b> NSA II<br/><b>Area aberta:</b> 18.09 ha<br/><b>Area efetiva:</b> 95 ha<br/><b>Potencial producao:</b> 8000<br/><b>Forragem:</b> Forragem 11<br/><b>Curral:</b> Nao<br/><b>IdCocho:</b> 121889<br/><b>IdPasto:</b> 97721]]></description>
    <MultiGeometry>
      <Polygon>
        <tessellate>1</tessellate>
        <outerBoundaryIs>
          <LinearRing>
            <coordinates>-45.3864730,-15.2079293,0 -45.3878463,-15.2105383,0 -45.3923095,-15.2083434,0 -45.3908503,-15.2055688,0 -45.3864730,-15.2079293,0</coordinates>
          </LinearRing>
        </outerBoundaryIs>
      </Polygon>
      <Point>
        <coordinates>-45.3893697,-15.2080950,0</coordinates>
      </Point>
    </MultiGeometry>
  </Placemark>
  <Placemark>
    <name>P23B - T27</name>
    <description><![CDATA[<b>Retiro:</b> NSA II<br/><b>Area aberta:</b> 17.22 ha<br/><b>Area efetiva:</b> 95 ha<br/><b>Potencial producao:</b> 8000<br/><b>Forragem:</b> Forragem 11<br/><b>Curral:</b> Nao<br/><b>IdCocho:</b> 121890<br/><b>IdPasto:</b> 97722]]></description>
    <MultiGeometry>
      <Polygon>
        <tessellate>1</tessellate>
        <outerBoundaryIs>
          <LinearRing>
            <coordinates>-45.3835547,-15.2128988,0 -45.3852284,-15.2153834,0 -45.3893912,-15.2131886,0 -45.3878892,-15.2105797,0 -45.3835547,-15.2128988,0</coordinates>
          </LinearRing>
        </outerBoundaryIs>
      </Polygon>
      <Point>
        <coordinates>-45.3865159,-15.2130126,0</coordinates>
      </Point>
    </MultiGeometry>
  </Placemark>
  <Placemark>
    <name>P24B - T27</name>
    <description><![CDATA[<b>Retiro:</b> NSA II<br/><b>Area aberta:</b> 16.95 ha<br/><b>Area efetiva:</b> 95 ha<br/><b>Potencial producao:</b> 8000<br/><b>Forragem:</b> Forragem 11<br/><b>Curral:</b> Nao<br/><b>IdCocho:</b> 121891<br/><b>IdPasto:</b> 97723]]></description>
    <MultiGeometry>
      <Polygon>
        <tessellate>1</tessellate>
        <outerBoundaryIs>
          <LinearRing>
            <coordinates>-45.3879750,-15.2106211,0 -45.3895200,-15.2131058,0 -45.3936827,-15.2108696,0 -45.3923095,-15.2082606,0 -45.3879750,-15.2106211,0</coordinates>
          </LinearRing>
        </outerBoundaryIs>
      </Polygon>
      <Point>
        <coordinates>-45.3908718,-15.2107143,0</coordinates>
      </Point>
    </MultiGeometry>
  </Placemark>
  <Placemark>
    <name>P25B - T27</name>
    <description><![CDATA[<b>Retiro:</b> NSA II<br/><b>Area aberta:</b> 17.19 ha<br/><b>Area efetiva:</b> 95 ha<br/><b>Potencial producao:</b> 8000<br/><b>Forragem:</b> Forragem 11<br/><b>Curral:</b> Nao<br/><b>IdCocho:</b> 121892<br/><b>IdPasto:</b> 97724]]></description>
    <MultiGeometry>
      <Polygon>
        <tessellate>1</tessellate>
        <outerBoundaryIs>
          <LinearRing>
            <coordinates>-45.3852284,-15.2155077,0 -45.3867305,-15.2179509,0 -45.3909791,-15.2159218,0 -45.3894341,-15.2131472,0 -45.3852284,-15.2155077,0</coordinates>
          </LinearRing>
        </outerBoundaryIs>
      </Polygon>
      <Point>
        <coordinates>-45.3880930,-15.2156319,0</coordinates>
      </Point>
    </MultiGeometry>
  </Placemark>
  <Placemark>
    <name>P26B - T27</name>
    <description><![CDATA[<b>Retiro:</b> NSA II<br/><b>Area aberta:</b> 18.59 ha<br/><b>Area efetiva:</b> 95 ha<br/><b>Potencial producao:</b> 8000<br/><b>Forragem:</b> Forragem 11<br/><b>Curral:</b> Nao<br/><b>IdCocho:</b> 121893<br/><b>IdPasto:</b> 97725]]></description>
    <MultiGeometry>
      <Polygon>
        <tessellate>1</tessellate>
        <outerBoundaryIs>
          <LinearRing>
            <coordinates>-45.3894770,-15.2132300,0 -45.3910649,-15.2158804,0 -45.3953994,-15.2139340,0 -45.3937686,-15.2109524,0 -45.3894770,-15.2132300,0</coordinates>
          </LinearRing>
        </outerBoundaryIs>
      </Polygon>
      <Point>
        <coordinates>-45.3924275,-15.2134992,0</coordinates>
      </Point>
    </MultiGeometry>
  </Placemark>
  <Placemark>
    <name>P27B - T27</name>
    <description><![CDATA[<b>Retiro:</b> NSA II<br/><b>Area aberta:</b> 16.18 ha<br/><b>Area efetiva:</b> 95 ha<br/><b>Potencial producao:</b> 8000<br/><b>Forragem:</b> Forragem 11<br/><b>Curral:</b> Nao<br/><b>IdCocho:</b> 121894<br/><b>IdPasto:</b> 97726]]></description>
    <MultiGeometry>
      <Polygon>
        <tessellate>1</tessellate>
        <outerBoundaryIs>
          <LinearRing>
            <coordinates>-45.3868592,-15.2179923,0 -45.3883183,-15.2205597,0 -45.3923953,-15.2185306,0 -45.3908932,-15.2159218,0 -45.3868592,-15.2179923,0</coordinates>
          </LinearRing>
        </outerBoundaryIs>
      </Polygon>
      <Point>
        <coordinates>-45.3896165,-15.2182511,0</coordinates>
      </Point>
    </MultiGeometry>
  </Placemark>
  <Placemark>
    <name>P28B - T27</name>
    <description><![CDATA[<b>Retiro:</b> NSA II<br/><b>Area aberta:</b> 16.87 ha<br/><b>Area efetiva:</b> 95 ha<br/><b>Potencial producao:</b> 8000<br/><b>Forragem:</b> Forragem 11<br/><b>Curral:</b> Nao<br/><b>IdCocho:</b> 121895<br/><b>IdPasto:</b> 97727]]></description>
    <MultiGeometry>
      <Polygon>
        <tessellate>1</tessellate>
        <outerBoundaryIs>
          <LinearRing>
            <coordinates>-45.3908986,-15.2159419,0 -45.3924221,-15.2184887,0 -45.3967994,-15.2163560,0 -45.3953618,-15.2139128,0 -45.3908986,-15.2159419,0</coordinates>
          </LinearRing>
        </outerBoundaryIs>
      </Polygon>
      <Point>
        <coordinates>-45.3938705,-15.2161749,0</coordinates>
      </Point>
    </MultiGeometry>
  </Placemark>
  <Placemark>
    <name>P14 - T27</name>
    <description><![CDATA[<b>Retiro:</b> NSA II<br/><b>Area aberta:</b> 17.12 ha<br/><b>Area efetiva:</b> 95 ha<br/><b>Potencial producao:</b> 8000<br/><b>Forragem:</b> Forragem 11<br/><b>Curral:</b> Nao<br/><b>IdCocho:</b> 77328<br/><b>IdPasto:</b> 56027]]></description>
    <MultiGeometry>
      <Polygon>
        <tessellate>1</tessellate>
        <outerBoundaryIs>
          <LinearRing>
            <coordinates>-45.3836234,-15.2229094,0 -45.3789241,-15.2252904,0 -45.3774650,-15.2228887,0 -45.3822715,-15.2206525,0 -45.3836234,-15.2229094,0</coordinates>
          </LinearRing>
        </outerBoundaryIs>
      </Polygon>
      <Point>
        <coordinates>-45.3805710,-15.2229352,0</coordinates>
      </Point>
    </MultiGeometry>
  </Placemark>
  <Placemark>
    <name>P15B - T27</name>
    <description><![CDATA[<b>Retiro:</b> NSA II<br/><b>Area aberta:</b> 18.96 ha<br/><b>Area efetiva:</b> 98 ha<br/><b>Potencial producao:</b> 9000<br/><b>Forragem:</b> Forragem 11<br/><b>Curral:</b> Nao<br/><b>IdCocho:</b> 77939<br/><b>IdPasto:</b> 56578]]></description>
    <MultiGeometry>
      <Polygon>
        <tessellate>1</tessellate>
        <outerBoundaryIs>
          <LinearRing>
            <coordinates>-45.3773826,-15.2228058,0 -45.3759235,-15.2204041,0 -45.3805583,-15.2178366,0 -45.3821462,-15.2206525,0 -45.3773826,-15.2228058,0</coordinates>
          </LinearRing>
        </outerBoundaryIs>
      </Polygon>
      <Point>
        <coordinates>-45.3790026,-15.2204248,0</coordinates>
      </Point>
    </MultiGeometry>
  </Placemark>
  <Placemark>
    <name>P16A - T27</name>
    <description><![CDATA[<b>Retiro:</b> NSA II<br/><b>Area aberta:</b> 19.07 ha<br/><b>Area efetiva:</b> 98 ha<br/><b>Potencial producao:</b> 9000<br/><b>Forragem:</b> Forragem 11<br/><b>Curral:</b> Nao<br/><b>IdCocho:</b> 77940<br/><b>IdPasto:</b> 56579]]></description>
    <MultiGeometry>
      <Polygon>
        <tessellate>1</tessellate>
        <outerBoundaryIs>
          <LinearRing>
            <coordinates>-45.3823178,-15.2206525,0 -45.3806871,-15.2178781,0 -45.3851073,-15.2154762,0 -45.3867810,-15.2180023,0 -45.3823178,-15.2206525,0</coordinates>
          </LinearRing>
        </outerBoundaryIs>
      </Polygon>
      <Point>
        <coordinates>-45.3837233,-15.2180023,0</coordinates>
      </Point>
    </MultiGeometry>
  </Placemark>
  <Placemark>
    <name>P17A - T27</name>
    <description><![CDATA[<b>Retiro:</b> NSA II<br/><b>Area aberta:</b> 17.81 ha<br/><b>Area efetiva:</b> 98 ha<br/><b>Potencial producao:</b> 9000<br/><b>Forragem:</b> Forragem 11<br/><b>Curral:</b> Nao<br/><b>IdCocho:</b> 77941<br/><b>IdPasto:</b> 56580]]></description>
    <MultiGeometry>
      <Polygon>
        <tessellate>1</tessellate>
        <outerBoundaryIs>
          <LinearRing>
            <coordinates>-45.3759235,-15.2203213,0 -45.3743356,-15.2177952,0 -45.3791421,-15.2154762,0 -45.3805733,-15.2178071,0 -45.3759235,-15.2203213,0</coordinates>
          </LinearRing>
        </outerBoundaryIs>
      </Polygon>
      <Point>
        <coordinates>-45.3774936,-15.2178500,0</coordinates>
      </Point>
    </MultiGeometry>
  </Placemark>
  <Placemark>
    <name>P18B - T27</name>
    <description><![CDATA[<b>Retiro:</b> NSA II<br/><b>Area aberta:</b> 16.89 ha<br/><b>Area efetiva:</b> 98 ha<br/><b>Potencial producao:</b> 9000<br/><b>Forragem:</b> Forragem 11<br/><b>Curral:</b> Nao<br/><b>IdCocho:</b> 77942<br/><b>IdPasto:</b> 56581]]></description>
    <MultiGeometry>
      <Polygon>
        <tessellate>1</tessellate>
        <outerBoundaryIs>
          <LinearRing>
            <coordinates>-45.3806441,-15.2177952,0 -45.3792279,-15.2154348,0 -45.3834766,-15.2129501,0 -45.3851073,-15.2153520,0 -45.3806441,-15.2177952,0</coordinates>
          </LinearRing>
        </outerBoundaryIs>
      </Polygon>
      <Point>
        <coordinates>-45.3821140,-15.2153831,0</coordinates>
      </Point>
    </MultiGeometry>
  </Placemark>
  <Placemark>
    <name>P19B - T27</name>
    <description><![CDATA[<b>Retiro:</b> NSA II<br/><b>Area aberta:</b> 18.81 ha<br/><b>Area efetiva:</b> 98 ha<br/><b>Potencial producao:</b> 9000<br/><b>Forragem:</b> Forragem 11<br/><b>Curral:</b> Nao<br/><b>IdCocho:</b> 77943<br/><b>IdPasto:</b> 56582]]></description>
    <MultiGeometry>
      <Polygon>
        <tessellate>1</tessellate>
        <outerBoundaryIs>
          <LinearRing>
            <coordinates>-45.3742498,-15.2177124,0 -45.3727048,-15.2152278,0 -45.3774798,-15.2126476,0 -45.3791353,-15.2154107,0 -45.3742498,-15.2177124,0</coordinates>
          </LinearRing>
        </outerBoundaryIs>
      </Polygon>
      <Point>
        <coordinates>-45.3758924,-15.2152496,0</coordinates>
      </Point>
    </MultiGeometry>
  </Placemark>
  <Placemark>
    <name>P20B - T27</name>
    <description><![CDATA[<b>Retiro:</b> NSA II<br/><b>Area aberta:</b> 18.23 ha<br/><b>Area efetiva:</b> 98 ha<br/><b>Potencial producao:</b> 9000<br/><b>Forragem:</b> Forragem 11<br/><b>Curral:</b> Nao<br/><b>IdCocho:</b> 77944<br/><b>IdPasto:</b> 56583]]></description>
    <MultiGeometry>
      <Polygon>
        <tessellate>1</tessellate>
        <outerBoundaryIs>
          <LinearRing>
            <coordinates>-45.3791421,-15.2153520,0 -45.3775542,-15.2126603,0 -45.3820174,-15.2102998,0 -45.3835195,-15.2127845,0 -45.3791421,-15.2153520,0</coordinates>
          </LinearRing>
        </outerBoundaryIs>
      </Polygon>
      <Point>
        <coordinates>-45.3805583,-15.2127741,0</coordinates>
      </Point>
    </MultiGeometry>
  </Placemark>
  <Placemark>
    <name>P11</name>
    <description><![CDATA[<b>Retiro:</b> NSA I<br/><b>Area aberta:</b> 25.1 ha<br/><b>Area efetiva:</b> 95 ha<br/><b>Potencial producao:</b> 8000<br/><b>Forragem:</b> Forragem 11<br/><b>Curral:</b> Nao<br/><b>IdCocho:</b> 49407<br/><b>IdPasto:</b> 30256]]></description>
    <MultiGeometry>
      <Polygon>
        <tessellate>1</tessellate>
        <outerBoundaryIs>
          <LinearRing>
            <coordinates>-45.4498261,-15.2287641,0 -45.4475223,-15.2306388,0 -45.4472876,-15.2302992,0 -45.4468687,-15.2305095,0 -45.4446393,-15.2260957,0 -45.4470218,-15.2242737,0 -45.4498261,-15.2287641,0</coordinates>
          </LinearRing>
        </outerBoundaryIs>
      </Polygon>
      <Point>
        <coordinates>-45.4471943,-15.2284302,0</coordinates>
      </Point>
    </MultiGeometry>
  </Placemark>
  <Placemark>
    <name>P11A</name>
    <description><![CDATA[<b>Retiro:</b> NSA I<br/><b>Area aberta:</b> 22.9 ha<br/><b>Area efetiva:</b> 95 ha<br/><b>Potencial producao:</b> 8000<br/><b>Forragem:</b> Forragem 11<br/><b>Curral:</b> Nao<br/><b>IdCocho:</b> 49408<br/><b>IdPasto:</b> 30257]]></description>
    <MultiGeometry>
      <Polygon>
        <tessellate>1</tessellate>
        <outerBoundaryIs>
          <LinearRing>
            <coordinates>-45.4503692,-15.2220376,0 -45.4470862,-15.2242944,0 -45.4498113,-15.2287665,0 -45.4526008,-15.2265305,0 -45.4503692,-15.2220376,0</coordinates>
          </LinearRing>
        </outerBoundaryIs>
      </Polygon>
      <Point>
        <coordinates>-45.4499669,-15.2254072,0</coordinates>
      </Point>
    </MultiGeometry>
  </Placemark>
  <Placemark>
    <name>P12</name>
    <description><![CDATA[<b>Retiro:</b> NSA I<br/><b>Area aberta:</b> 40 ha<br/><b>Area efetiva:</b> 90 ha<br/><b>Potencial producao:</b> 8000<br/><b>Forragem:</b> Forragem 11<br/><b>Curral:</b> Nao<br/><b>IdCocho:</b> 35206<br/><b>IdPasto:</b> 11590]]></description>
    <MultiGeometry>
      <Polygon>
        <tessellate>1</tessellate>
        <outerBoundaryIs>
          <LinearRing>
            <coordinates>-45.4499301,-15.2205723,0 -45.4494002,-15.2208770,0 -45.4497330,-15.2224082,0 -45.4464752,-15.2245621,0 -45.4446030,-15.2177321,0 -45.4481315,-15.2158998,0 -45.4499301,-15.2205723,0</coordinates>
          </LinearRing>
        </outerBoundaryIs>
      </Polygon>
      <Point>
        <coordinates>-45.4480455,-15.2203419,0</coordinates>
      </Point>
    </MultiGeometry>
  </Placemark>
  <Placemark>
    <name>P12 A</name>
    <description><![CDATA[<b>Retiro:</b> NSA I<br/><b>Area aberta:</b> 27.5 ha<br/><b>Area efetiva:</b> 90 ha<br/><b>Potencial producao:</b> 8000<br/><b>Forragem:</b> Forragem 11<br/><b>Curral:</b> Nao<br/><b>IdCocho:</b> 41369<br/><b>IdPasto:</b> 21788]]></description>
    <MultiGeometry>
      <Polygon>
        <tessellate>1</tessellate>
        <outerBoundaryIs>
          <LinearRing>
            <coordinates>-45.4403301,-15.2199264,0 -45.4437041,-15.2263780,0 -45.4464783,-15.2245557,0 -45.4446459,-15.2176906,0 -45.4403301,-15.2199264,0</coordinates>
          </LinearRing>
        </outerBoundaryIs>
      </Polygon>
      <Point>
        <coordinates>-45.4437896,-15.2221377,0</coordinates>
      </Point>
    </MultiGeometry>
  </Placemark>
  <Placemark>
    <name>P14</name>
    <description><![CDATA[<b>Retiro:</b> NSA I<br/><b>Area aberta:</b> 21 ha<br/><b>Area efetiva:</b> 95 ha<br/><b>Potencial producao:</b> 8000<br/><b>Forragem:</b> Forragem 11<br/><b>Curral:</b> Nao<br/><b>IdCocho:</b> 49409<br/><b>IdPasto:</b> 30258]]></description>
    <MultiGeometry>
      <Polygon>
        <tessellate>1</tessellate>
        <outerBoundaryIs>
          <LinearRing>
            <coordinates>-45.4418084,-15.2280023,0 -45.4449924,-15.2327089,0 -45.4418250,-15.2351826,0 -45.4386909,-15.2299605,0 -45.4418084,-15.2280023,0</coordinates>
          </LinearRing>
        </outerBoundaryIs>
      </Polygon>
      <Point>
        <coordinates>-45.4418292,-15.2314636,0</coordinates>
      </Point>
    </MultiGeometry>
  </Placemark>
  <Placemark>
    <name>P14A</name>
    <description><![CDATA[<b>Retiro:</b> NSA I<br/><b>Area aberta:</b> 19.9 ha<br/><b>Area efetiva:</b> 95 ha<br/><b>Potencial producao:</b> 8000<br/><b>Forragem:</b> Forragem 11<br/><b>Curral:</b> Nao<br/><b>IdCocho:</b> 49410<br/><b>IdPasto:</b> 30259]]></description>
    <MultiGeometry>
      <Polygon>
        <tessellate>1</tessellate>
        <outerBoundaryIs>
          <LinearRing>
            <coordinates>-45.4450090,-15.2326992,0 -45.4418084,-15.2279898,0 -45.4446393,-15.2260957,0 -45.4468519,-15.2305742,0 -45.4465838,-15.2308652,0 -45.4467854,-15.2312857,0 -45.4450090,-15.2326992,0</coordinates>
          </LinearRing>
        </outerBoundaryIs>
      </Polygon>
      <Point>
        <coordinates>-45.4452797,-15.2299183,0</coordinates>
      </Point>
    </MultiGeometry>
  </Placemark>
  <Placemark>
    <name>P15</name>
    <description><![CDATA[<b>Retiro:</b> NSA I<br/><b>Area aberta:</b> 29.3 ha<br/><b>Area efetiva:</b> 95 ha<br/><b>Potencial producao:</b> 8000<br/><b>Forragem:</b> Forragem 11<br/><b>Curral:</b> Nao<br/><b>IdCocho:</b> 35210<br/><b>IdPasto:</b> 11594]]></description>
    <MultiGeometry>
      <Polygon>
        <tessellate>1</tessellate>
        <outerBoundaryIs>
          <LinearRing>
            <coordinates>-45.4437078,-15.2263841,0 -45.4415131,-15.2279989,0 -45.4373092,-15.2214911,0 -45.4403278,-15.2199306,0 -45.4437078,-15.2263841,0</coordinates>
          </LinearRing>
        </outerBoundaryIs>
      </Polygon>
      <Point>
        <coordinates>-45.4407144,-15.2239512,0</coordinates>
      </Point>
    </MultiGeometry>
  </Placemark>
  <Placemark>
    <name>P15 A</name>
    <description><![CDATA[<b>Retiro:</b> NSA I<br/><b>Area aberta:</b> 31 ha<br/><b>Area efetiva:</b> 90 ha<br/><b>Potencial producao:</b> 8000<br/><b>Forragem:</b> Forragem 11<br/><b>Curral:</b> Nao<br/><b>IdCocho:</b> 41370<br/><b>IdPasto:</b> 21789]]></description>
    <MultiGeometry>
      <Polygon>
        <tessellate>1</tessellate>
        <outerBoundaryIs>
          <LinearRing>
            <coordinates>-45.4373050,-15.2214943,0 -45.4344106,-15.2229702,0 -45.4386592,-15.2299475,0 -45.4414701,-15.2280222,0 -45.4373050,-15.2214943,0</coordinates>
          </LinearRing>
        </outerBoundaryIs>
      </Polygon>
      <Point>
        <coordinates>-45.4379612,-15.2256085,0</coordinates>
      </Point>
    </MultiGeometry>
  </Placemark>
  <Placemark>
    <name>P16</name>
    <description><![CDATA[<b>Retiro:</b> NSA I<br/><b>Area aberta:</b> 50.3 ha<br/><b>Area efetiva:</b> 47.5 ha<br/><b>Potencial producao:</b> 8000<br/><b>Forragem:</b> Forragem 11<br/><b>Curral:</b> Nao<br/><b>IdCocho:</b> 35211<br/><b>IdPasto:</b> 11595]]></description>
    <MultiGeometry>
      <Polygon>
        <tessellate>1</tessellate>
        <outerBoundaryIs>
          <LinearRing>
            <coordinates>-45.4378713,-15.2435233,0 -45.4380876,-15.2433663,0 -45.4379318,-15.2430767,0 -45.4437046,-15.2386667,0 -45.4461778,-15.2427310,0 -45.4445377,-15.2451464,0 -45.4439682,-15.2451869,0 -45.4432646,-15.2453953,0 -45.4429466,-15.2458071,0 -45.4427272,-15.2461239,0 -45.4422428,-15.2473993,0 -45.4420175,-15.2480769,0 -45.4416943,-15.2482869,0 -45.4412477,-15.2483771,0 -45.4409497,-15.2487700,0 -45.4378713,-15.2435233,0</coordinates>
          </LinearRing>
        </outerBoundaryIs>
      </Polygon>
      <Point>
        <coordinates>-45.4419580,-15.2453289,0</coordinates>
      </Point>
    </MultiGeometry>
  </Placemark>
  <Placemark>
    <name>P17</name>
    <description><![CDATA[<b>Retiro:</b> NSA I<br/><b>Area aberta:</b> 45 ha<br/><b>Area efetiva:</b> 47.5 ha<br/><b>Potencial producao:</b> 8000<br/><b>Forragem:</b> Forragem 11<br/><b>Curral:</b> Nao<br/><b>IdCocho:</b> 35212<br/><b>IdPasto:</b> 11596]]></description>
    <MultiGeometry>
      <Polygon>
        <tessellate>1</tessellate>
        <outerBoundaryIs>
          <LinearRing>
            <coordinates>-45.4350552,-15.2387739,0 -45.4411729,-15.2344925,0 -45.4437033,-15.2386679,0 -45.4379305,-15.2430819,0 -45.4377824,-15.2428311,0 -45.4375479,-15.2429936,0 -45.4350552,-15.2387739,0</coordinates>
          </LinearRing>
        </outerBoundaryIs>
      </Polygon>
      <Point>
        <coordinates>-45.4388654,-15.2401402,0</coordinates>
      </Point>
    </MultiGeometry>
  </Placemark>
  <Placemark>
    <name>P18</name>
    <description><![CDATA[<b>Retiro:</b> NSA I<br/><b>Area aberta:</b> 23.5 ha<br/><b>Area efetiva:</b> 90 ha<br/><b>Potencial producao:</b> 8000<br/><b>Forragem:</b> Forragem 11<br/><b>Curral:</b> Nao<br/><b>IdCocho:</b> 46942<br/><b>IdPasto:</b> 28151]]></description>
    <MultiGeometry>
      <Polygon>
        <tessellate>1</tessellate>
        <outerBoundaryIs>
          <LinearRing>
            <coordinates>-45.4353944,-15.2320892,0 -45.4324761,-15.2340768,0 -45.4351369,-15.2387558,0 -45.4382697,-15.2365198,0 -45.4353944,-15.2320892,0</coordinates>
          </LinearRing>
        </outerBoundaryIs>
      </Polygon>
      <Point>
        <coordinates>-45.4353193,-15.2353604,0</coordinates>
      </Point>
    </MultiGeometry>
  </Placemark>
  <Placemark>
    <name>P18 A</name>
    <description><![CDATA[<b>Retiro:</b> NSA I<br/><b>Area aberta:</b> 22.9 ha<br/><b>Area efetiva:</b> 90 ha<br/><b>Potencial producao:</b> 8000<br/><b>Forragem:</b> Forragem 11<br/><b>Curral:</b> Nao<br/><b>IdCocho:</b> 35213<br/><b>IdPasto:</b> 11597]]></description>
    <MultiGeometry>
      <Polygon>
        <tessellate>1</tessellate>
        <outerBoundaryIs>
          <LinearRing>
            <coordinates>-45.4411732,-15.2344932,0 -45.4381464,-15.2365381,0 -45.4369655,-15.2344633,0 -45.4353556,-15.2321814,0 -45.4365179,-15.2312453,0 -45.4386592,-15.2299268,0 -45.4411732,-15.2344932,0</coordinates>
          </LinearRing>
        </outerBoundaryIs>
      </Polygon>
      <Point>
        <coordinates>-45.4378030,-15.2331413,0</coordinates>
      </Point>
    </MultiGeometry>
  </Placemark>
  <Placemark>
    <name>P19</name>
    <description><![CDATA[<b>Retiro:</b> NSA I<br/><b>Area aberta:</b> 25 ha<br/><b>Area efetiva:</b> 90 ha<br/><b>Potencial producao:</b> 8000<br/><b>Forragem:</b> Forragem 11<br/><b>Curral:</b> Nao<br/><b>IdCocho:</b> 35215<br/><b>IdPasto:</b> 11599]]></description>
    <MultiGeometry>
      <Polygon>
        <tessellate>1</tessellate>
        <outerBoundaryIs>
          <LinearRing>
            <coordinates>-45.4386377,-15.2299682,0 -45.4367709,-15.2312518,0 -45.4323721,-15.2241090,0 -45.4344320,-15.2229908,0 -45.4386377,-15.2299682,0</coordinates>
          </LinearRing>
        </outerBoundaryIs>
      </Polygon>
      <Point>
        <coordinates>-45.4355532,-15.2270800,0</coordinates>
      </Point>
    </MultiGeometry>
  </Placemark>
  <Placemark>
    <name>P19 A</name>
    <description><![CDATA[<b>Retiro:</b> NSA I<br/><b>Area aberta:</b> 26.6 ha<br/><b>Area efetiva:</b> 90 ha<br/><b>Potencial producao:</b> 8000<br/><b>Forragem:</b> Forragem 11<br/><b>Curral:</b> Nao<br/><b>IdCocho:</b> 41371<br/><b>IdPasto:</b> 21790]]></description>
    <MultiGeometry>
      <Polygon>
        <tessellate>1</tessellate>
        <outerBoundaryIs>
          <LinearRing>
            <coordinates>-45.4344106,-15.2326597,0 -45.4298615,-15.2253926,0 -45.4323936,-15.2241090,0 -45.4367709,-15.2312725,0 -45.4344106,-15.2326597,0</coordinates>
          </LinearRing>
        </outerBoundaryIs>
      </Polygon>
      <Point>
        <coordinates>-45.4333591,-15.2283585,0</coordinates>
      </Point>
    </MultiGeometry>
  </Placemark>
  <Placemark>
    <name>P20</name>
    <description><![CDATA[<b>Retiro:</b> NSA I<br/><b>Area aberta:</b> 25 ha<br/><b>Area efetiva:</b> 95 ha<br/><b>Potencial producao:</b> 8000<br/><b>Forragem:</b> Forragem 11<br/><b>Curral:</b> Nao<br/><b>IdCocho:</b> 46948<br/><b>IdPasto:</b> 28157]]></description>
    <MultiGeometry>
      <Polygon>
        <tessellate>1</tessellate>
        <outerBoundaryIs>
          <LinearRing>
            <coordinates>-45.4278016,-15.2263245,0 -45.4249964,-15.2278478,0 -45.4304516,-15.2354339,0 -45.4324579,-15.2340469,0 -45.4278016,-15.2263245,0</coordinates>
          </LinearRing>
        </outerBoundaryIs>
      </Polygon>
      <Point>
        <coordinates>-45.4289269,-15.2309133,0</coordinates>
      </Point>
    </MultiGeometry>
  </Placemark>
  <Placemark>
    <name>P20 A</name>
    <description><![CDATA[<b>Retiro:</b> NSA I<br/><b>Area aberta:</b> 26.5 ha<br/><b>Area efetiva:</b> 90 ha<br/><b>Potencial producao:</b> 8000<br/><b>Forragem:</b> Forragem 11<br/><b>Curral:</b> Nao<br/><b>IdCocho:</b> 35214<br/><b>IdPasto:</b> 11598]]></description>
    <MultiGeometry>
      <Polygon>
        <tessellate>1</tessellate>
        <outerBoundaryIs>
          <LinearRing>
            <coordinates>-45.4344320,-15.2326597,0 -45.4325223,-15.2340676,0 -45.4278231,-15.2263246,0 -45.4298615,-15.2253926,0 -45.4344320,-15.2326597,0</coordinates>
          </LinearRing>
        </outerBoundaryIs>
      </Polygon>
      <Point>
        <coordinates>-45.4311597,-15.2296111,0</coordinates>
      </Point>
    </MultiGeometry>
  </Placemark>
  <Placemark>
    <name>P21</name>
    <description><![CDATA[<b>Retiro:</b> NSA I<br/><b>Area aberta:</b> 57.9 ha<br/><b>Area efetiva:</b> 47.5 ha<br/><b>Potencial producao:</b> 8000<br/><b>Forragem:</b> Forragem 11<br/><b>Curral:</b> Nao<br/><b>IdCocho:</b> 35216<br/><b>IdPasto:</b> 11600]]></description>
    <MultiGeometry>
      <Polygon>
        <tessellate>1</tessellate>
        <outerBoundaryIs>
          <LinearRing>
            <coordinates>-45.4374177,-15.2434508,0 -45.4375644,-15.2437086,0 -45.4378699,-15.2435221,0 -45.4409466,-15.2487712,0 -45.4394470,-15.2502141,0 -45.4393149,-15.2507054,0 -45.4393862,-15.2510169,0 -45.4392925,-15.2513207,0 -45.4387984,-15.2515075,0 -45.4383935,-15.2515062,0 -45.4381490,-15.2513101,0 -45.4378334,-15.2511897,0 -45.4374709,-15.2510004,0 -45.4371830,-15.2507393,0 -45.4365210,-15.2506770,0 -45.4359047,-15.2508383,0 -45.4352171,-15.2511123,0 -45.4347774,-15.2515074,0 -45.4344505,-15.2519257,0 -45.4342284,-15.2527796,0 -45.4341907,-15.2535298,0 -45.4337776,-15.2525133,0 -45.4313725,-15.2479493,0 -45.4374177,-15.2434508,0</coordinates>
          </LinearRing>
        </outerBoundaryIs>
      </Polygon>
      <Point>
        <coordinates>-45.4369351,-15.2501215,0</coordinates>
      </Point>
    </MultiGeometry>
  </Placemark>
  <Placemark>
    <name>P22</name>
    <description><![CDATA[<b>Retiro:</b> NSA I<br/><b>Area aberta:</b> 48.5 ha<br/><b>Area efetiva:</b> 47.5 ha<br/><b>Potencial producao:</b> 8000<br/><b>Forragem:</b> Forragem 11<br/><b>Curral:</b> Nao<br/><b>IdCocho:</b> 35217<br/><b>IdPasto:</b> 11601]]></description>
    <MultiGeometry>
      <Polygon>
        <tessellate>1</tessellate>
        <outerBoundaryIs>
          <LinearRing>
            <coordinates>-45.4375479,-15.2429887,0 -45.4372687,-15.2431870,0 -45.4374163,-15.2434515,0 -45.4313747,-15.2479548,0 -45.4289042,-15.2430630,0 -45.4350551,-15.2387746,0 -45.4375479,-15.2429887,0</coordinates>
          </LinearRing>
        </outerBoundaryIs>
      </Polygon>
      <Point>
        <coordinates>-45.4345945,-15.2432366,0</coordinates>
      </Point>
    </MultiGeometry>
  </Placemark>
  <Placemark>
    <name>P23</name>
    <description><![CDATA[<b>Retiro:</b> NSA I<br/><b>Area aberta:</b> 22.7 ha<br/><b>Area efetiva:</b> 90 ha<br/><b>Potencial producao:</b> 8000<br/><b>Forragem:</b> Forragem 11<br/><b>Curral:</b> Nao<br/><b>IdCocho:</b> 46943<br/><b>IdPasto:</b> 28152]]></description>
    <MultiGeometry>
      <Polygon>
        <tessellate>1</tessellate>
        <outerBoundaryIs>
          <LinearRing>
            <coordinates>-45.4293852,-15.2361058,0 -45.4265099,-15.2381761,0 -45.4289561,-15.2429792,0 -45.4318743,-15.2408675,0 -45.4293852,-15.2361058,0</coordinates>
          </LinearRing>
        </outerBoundaryIs>
      </Polygon>
      <Point>
        <coordinates>-45.4291814,-15.2395321,0</coordinates>
      </Point>
    </MultiGeometry>
  </Placemark>
  <Placemark>
    <name>P23 A</name>
    <description><![CDATA[<b>Retiro:</b> NSA I<br/><b>Area aberta:</b> 23.79 ha<br/><b>Area efetiva:</b> 90 ha<br/><b>Potencial producao:</b> 8000<br/><b>Forragem:</b> Forragem 11<br/><b>Curral:</b> Nao<br/><b>IdCocho:</b> 35218<br/><b>IdPasto:</b> 11602]]></description>
    <MultiGeometry>
      <Polygon>
        <tessellate>1</tessellate>
        <outerBoundaryIs>
          <LinearRing>
            <coordinates>-45.4350564,-15.2387740,0 -45.4319511,-15.2408695,0 -45.4293061,-15.2362067,0 -45.4324794,-15.2341296,0 -45.4350564,-15.2387740,0</coordinates>
          </LinearRing>
        </outerBoundaryIs>
      </Polygon>
      <Point>
        <coordinates>-45.4321983,-15.2374949,0</coordinates>
      </Point>
    </MultiGeometry>
  </Placemark>
  <Placemark>
    <name>P50</name>
    <description><![CDATA[<b>Retiro:</b> NSA I<br/><b>Area aberta:</b> 98.7 ha<br/><b>Area efetiva:</b> 95 ha<br/><b>Potencial producao:</b> 8000<br/><b>Forragem:</b> Forragem 11<br/><b>Curral:</b> Nao<br/><b>IdCocho:</b> 35245<br/><b>IdPasto:</b> 11629]]></description>
    <MultiGeometry>
      <Polygon>
        <tessellate>1</tessellate>
        <outerBoundaryIs>
          <LinearRing>
            <coordinates>-45.4063920,-15.2789296,0 -45.4063171,-15.2786262,0 -45.4061722,-15.2783301,0 -45.4059602,-15.2779995,0 -45.4060657,-15.2776077,0 -45.4059958,-15.2772960,0 -45.4059733,-15.2770060,0 -45.4059492,-15.2767478,0 -45.4059100,-15.2763166,0 -45.4058143,-15.2760742,0 -45.4055811,-15.2758074,0 -45.4053245,-15.2756015,0 -45.4049676,-15.2753722,0 -45.4046435,-15.2751011,0 -45.4046226,-15.2749554,0 -45.4045781,-15.2747473,0 -45.4044646,-15.2745166,0 -45.4044865,-15.2743260,0 -45.4045923,-15.2741250,0 -45.4047368,-15.2738471,0 -45.4052316,-15.2732624,0 -45.4049854,-15.2736403,0 -45.4050093,-15.2734758,0 -45.4050336,-15.2733941,0 -45.4050330,-15.2732548,0 -45.4050323,-15.2731150,0 -45.4050317,-15.2730027,0 -45.4050315,-15.2729464,0 -45.4050306,-15.2727771,0 -45.4050291,-15.2724647,0 -45.4100928,-15.2659415,0 -45.4165002,-15.2687626,0 -45.4072237,-15.2795282,0 -45.4083861,-15.2799213,0 -45.4080043,-15.2799334,0 -45.4077397,-15.2797075,0 -45.4074956,-15.2794836,0 -45.4070655,-15.2794123,0 -45.4064743,-15.2794074,0 -45.4062244,-15.2793604,0 -45.4063920,-15.2789296,0</coordinates>
          </LinearRing>
        </outerBoundaryIs>
      </Polygon>
      <Point>
        <coordinates>-45.4061050,-15.2756531,0</coordinates>
      </Point>
    </MultiGeometry>
  </Placemark>
  <Placemark>
    <name>P51</name>
    <description><![CDATA[<b>Retiro:</b> NSA I<br/><b>Area aberta:</b> 144.1 ha<br/><b>Area efetiva:</b> 95 ha<br/><b>Potencial producao:</b> 8000<br/><b>Forragem:</b> Forragem 11<br/><b>Curral:</b> Nao<br/><b>IdCocho:</b> 35246<br/><b>IdPasto:</b> 11630]]></description>
    <MultiGeometry>
      <Polygon>
        <tessellate>1</tessellate>
        <outerBoundaryIs>
          <LinearRing>
            <coordinates>-45.4197903,-15.2702904,0 -45.4202990,-15.2704960,0 -45.4205384,-15.2707291,0 -45.4203950,-15.2708107,0 -45.4201389,-15.2709893,0 -45.4198743,-15.2711525,0 -45.4195754,-15.2715371,0 -45.4194854,-15.2722935,0 -45.4194665,-15.2731557,0 -45.4195304,-15.2737313,0 -45.4195124,-15.2740928,0 -45.4194417,-15.2749975,0 -45.4198029,-15.2760565,0 -45.4197902,-15.2762663,0 -45.4195969,-15.2769588,0 -45.4193839,-15.2775067,0 -45.4192894,-15.2777665,0 -45.4191468,-15.2780059,0 -45.4189245,-15.2783666,0 -45.4188021,-15.2789969,0 -45.4188063,-15.2795247,0 -45.4191716,-15.2801545,0 -45.4194425,-15.2804948,0 -45.4195879,-15.2807573,0 -45.4198061,-15.2809836,0 -45.4200146,-15.2812229,0 -45.4202745,-15.2815604,0 -45.4202884,-15.2818428,0 -45.4201393,-15.2821458,0 -45.4180214,-15.2835988,0 -45.4165515,-15.2846586,0 -45.4144333,-15.2850033,0 -45.4125848,-15.2852550,0 -45.4121997,-15.2853138,0 -45.4119890,-15.2853130,0 -45.4118174,-15.2851537,0 -45.4116893,-15.2848840,0 -45.4115863,-15.2847156,0 -45.4114549,-15.2844644,0 -45.4113293,-15.2843024,0 -45.4111046,-15.2841927,0 -45.4107765,-15.2841533,0 -45.4104002,-15.2841261,0 -45.4096514,-15.2841028,0 -45.4092475,-15.2840973,0 -45.4090535,-15.2841017,0 -45.4089345,-15.2840757,0 -45.4089031,-15.2839588,0 -45.4090063,-15.2836469,0 -45.4091524,-15.2833420,0 -45.4092643,-15.2831520,0 -45.4093159,-15.2829683,0 -45.4093739,-15.2827272,0 -45.4093822,-15.2824123,0 -45.4093930,-15.2821849,0 -45.4093487,-15.2817870,0 -45.4093463,-15.2812733,0 -45.4093440,-15.2808691,0 -45.4092630,-15.2807127,0 -45.4073310,-15.2795489,0 -45.4165066,-15.2686876,0 -45.4197903,-15.2702904,0</coordinates>
          </LinearRing>
        </outerBoundaryIs>
      </Polygon>
      <Point>
        <coordinates>-45.4150504,-15.2798634,0</coordinates>
      </Point>
    </MultiGeometry>
  </Placemark>
  <Placemark>
    <name>P52</name>
    <description><![CDATA[<b>Retiro:</b> NSA I<br/><b>Area aberta:</b> 52.9 ha<br/><b>Area efetiva:</b> 95 ha<br/><b>Potencial producao:</b> 8000<br/><b>Forragem:</b> Forragem 11<br/><b>Curral:</b> Nao<br/><b>IdCocho:</b> 35247<br/><b>IdPasto:</b> 11631]]></description>
    <MultiGeometry>
      <Polygon>
        <tessellate>1</tessellate>
        <outerBoundaryIs>
          <LinearRing>
            <coordinates>-45.3875408,-15.2674959,0 -45.3815295,-15.2620224,0 -45.3866259,-15.2605105,0 -45.3952957,-15.2649186,0 -45.3875408,-15.2674959,0</coordinates>
          </LinearRing>
        </outerBoundaryIs>
      </Polygon>
      <Point>
        <coordinates>-45.3877480,-15.2637368,0</coordinates>
      </Point>
    </MultiGeometry>
  </Placemark>
  <Placemark>
    <name>P53</name>
    <description><![CDATA[<b>Retiro:</b> NSA I<br/><b>Area aberta:</b> 67.7 ha<br/><b>Area efetiva:</b> 95 ha<br/><b>Potencial producao:</b> 8000<br/><b>Forragem:</b> Forragem 11<br/><b>Curral:</b> Nao<br/><b>IdCocho:</b> 35248<br/><b>IdPasto:</b> 11632]]></description>
    <MultiGeometry>
      <Polygon>
        <tessellate>1</tessellate>
        <outerBoundaryIs>
          <LinearRing>
            <coordinates>-45.4013530,-15.2680281,0 -45.4005081,-15.2682360,0 -45.4001053,-15.2681401,0 -45.3995149,-15.2682569,0 -45.3985738,-15.2685275,0 -45.3975529,-15.2688419,0 -45.3963831,-15.2700596,0 -45.3956326,-15.2718912,0 -45.3947817,-15.2726956,0 -45.3939121,-15.2724488,0 -45.3934491,-15.2721461,0 -45.3927623,-15.2718236,0 -45.3923011,-15.2717909,0 -45.3875384,-15.2674953,0 -45.3953293,-15.2648879,0 -45.4013504,-15.2679402,0 -45.4013530,-15.2680281,0</coordinates>
          </LinearRing>
        </outerBoundaryIs>
      </Polygon>
      <Point>
        <coordinates>-45.3963155,-15.2695756,0</coordinates>
      </Point>
    </MultiGeometry>
  </Placemark>
  <Placemark>
    <name>P54</name>
    <description><![CDATA[<b>Retiro:</b> NSA I<br/><b>Area aberta:</b> 64.2 ha<br/><b>Area efetiva:</b> 95 ha<br/><b>Potencial producao:</b> 8000<br/><b>Forragem:</b> Forragem 11<br/><b>Curral:</b> Nao<br/><b>IdCocho:</b> 35249<br/><b>IdPasto:</b> 11633]]></description>
    <MultiGeometry>
      <Polygon>
        <tessellate>1</tessellate>
        <outerBoundaryIs>
          <LinearRing>
            <coordinates>-45.3875404,-15.2674953,0 -45.3799767,-15.2697268,0 -45.3754768,-15.2638367,0 -45.3815978,-15.2620212,0 -45.3875404,-15.2674953,0</coordinates>
          </LinearRing>
        </outerBoundaryIs>
      </Polygon>
      <Point>
        <coordinates>-45.3811479,-15.2657700,0</coordinates>
      </Point>
    </MultiGeometry>
  </Placemark>
  <Placemark>
    <name>P55</name>
    <description><![CDATA[<b>Retiro:</b> NSA I<br/><b>Area aberta:</b> 55.1 ha<br/><b>Area efetiva:</b> 95 ha<br/><b>Potencial producao:</b> 8000<br/><b>Forragem:</b> Forragem 11<br/><b>Curral:</b> Nao<br/><b>IdCocho:</b> 35250<br/><b>IdPasto:</b> 11634]]></description>
    <MultiGeometry>
      <Polygon>
        <tessellate>1</tessellate>
        <outerBoundaryIs>
          <LinearRing>
            <coordinates>-45.3800200,-15.2696971,0 -45.3875393,-15.2674958,0 -45.3924599,-15.2719303,0 -45.3913941,-15.2720805,0 -45.3910174,-15.2724259,0 -45.3907293,-15.2727946,0 -45.3905323,-15.2732018,0 -45.3903896,-15.2736601,0 -45.3900561,-15.2739271,0 -45.3897427,-15.2739933,0 -45.3894837,-15.2739535,0 -45.3891943,-15.2738039,0 -45.3888409,-15.2737984,0 -45.3886600,-15.2737052,0 -45.3884326,-15.2736604,0 -45.3881090,-15.2736481,0 -45.3875849,-15.2737695,0 -45.3871649,-15.2738979,0 -45.3869058,-15.2739463,0 -45.3865899,-15.2739914,0 -45.3863154,-15.2740957,0 -45.3860333,-15.2743077,0 -45.3855199,-15.2747544,0 -45.3851361,-15.2749131,0 -45.3847600,-15.2750890,0 -45.3842185,-15.2753965,0 -45.3800200,-15.2696971,0</coordinates>
          </LinearRing>
        </outerBoundaryIs>
      </Polygon>
      <Point>
        <coordinates>-45.3879550,-15.2733822,0</coordinates>
      </Point>
    </MultiGeometry>
  </Placemark>
  <Placemark>
    <name>P56</name>
    <description><![CDATA[<b>Retiro:</b> NSA I<br/><b>Area aberta:</b> 37.4 ha<br/><b>Area efetiva:</b> 95 ha<br/><b>Potencial producao:</b> 8500<br/><b>Forragem:</b> Forragem 55<br/><b>Curral:</b> Nao<br/><b>IdCocho:</b> 49411<br/><b>IdPasto:</b> 30260]]></description>
    <MultiGeometry>
      <Polygon>
        <tessellate>1</tessellate>
        <outerBoundaryIs>
          <LinearRing>
            <coordinates>-45.3755826,-15.2637987,0 -45.3713026,-15.2581248,0 -45.3761854,-15.2571547,0 -45.3806731,-15.2623700,0 -45.3755826,-15.2637987,0</coordinates>
          </LinearRing>
        </outerBoundaryIs>
      </Polygon>
      <Point>
        <coordinates>-45.3759359,-15.2603620,0</coordinates>
      </Point>
    </MultiGeometry>
  </Placemark>
  <Placemark>
    <name>P57</name>
    <description><![CDATA[<b>Retiro:</b> NSA I<br/><b>Area aberta:</b> 38.1 ha<br/><b>Area efetiva:</b> 95 ha<br/><b>Potencial producao:</b> 8500<br/><b>Forragem:</b> Forragem 55<br/><b>Curral:</b> Nao<br/><b>IdCocho:</b> 49412<br/><b>IdPasto:</b> 30261]]></description>
    <MultiGeometry>
      <Polygon>
        <tessellate>1</tessellate>
        <outerBoundaryIs>
          <LinearRing>
            <coordinates>-45.3760939,-15.2570667,0 -45.3711807,-15.2580356,0 -45.3668785,-15.2521764,0 -45.3725240,-15.2522660,0 -45.3760939,-15.2570667,0</coordinates>
          </LinearRing>
        </outerBoundaryIs>
      </Polygon>
      <Point>
        <coordinates>-45.3716693,-15.2548862,0</coordinates>
      </Point>
    </MultiGeometry>
  </Placemark>
  <Placemark>
    <name>P58</name>
    <description><![CDATA[<b>Retiro:</b> NSA I<br/><b>Area aberta:</b> 36.1 ha<br/><b>Area efetiva:</b> 95 ha<br/><b>Potencial producao:</b> 8500<br/><b>Forragem:</b> Forragem 55<br/><b>Curral:</b> Nao<br/><b>IdCocho:</b> 49413<br/><b>IdPasto:</b> 30262]]></description>
    <MultiGeometry>
      <Polygon>
        <tessellate>1</tessellate>
        <outerBoundaryIs>
          <LinearRing>
            <coordinates>-45.3864394,-15.2604541,0 -45.3806730,-15.2622520,0 -45.3762770,-15.2570075,0 -45.3819552,-15.2562135,0 -45.3864394,-15.2604541,0</coordinates>
          </LinearRing>
        </outerBoundaryIs>
      </Polygon>
      <Point>
        <coordinates>-45.3813362,-15.2589818,0</coordinates>
      </Point>
    </MultiGeometry>
  </Placemark>
  <Placemark>
    <name>P59</name>
    <description><![CDATA[<b>Retiro:</b> NSA I<br/><b>Area aberta:</b> 34.1 ha<br/><b>Area efetiva:</b> 95 ha<br/><b>Potencial producao:</b> 8500<br/><b>Forragem:</b> Forragem 55<br/><b>Curral:</b> Nao<br/><b>IdCocho:</b> 49414<br/><b>IdPasto:</b> 30263]]></description>
    <MultiGeometry>
      <Polygon>
        <tessellate>1</tessellate>
        <outerBoundaryIs>
          <LinearRing>
            <coordinates>-45.3820162,-15.2562435,0 -45.3761549,-15.2570666,0 -45.3725240,-15.2521776,0 -45.3780788,-15.2521492,0 -45.3820162,-15.2562435,0</coordinates>
          </LinearRing>
        </outerBoundaryIs>
      </Polygon>
      <Point>
        <coordinates>-45.3771935,-15.2544092,0</coordinates>
      </Point>
    </MultiGeometry>
  </Placemark>
  <Placemark>
    <name>P71</name>
    <description><![CDATA[<b>Retiro:</b> NSA I<br/><b>Area aberta:</b> 24.9 ha<br/><b>Area efetiva:</b> 95 ha<br/><b>Potencial producao:</b> 8500<br/><b>Forragem:</b> Forragem 11<br/><b>Curral:</b> Nao<br/><b>IdCocho:</b> 49415<br/><b>IdPasto:</b> 30264]]></description>
    <MultiGeometry>
      <Polygon>
        <tessellate>1</tessellate>
        <outerBoundaryIs>
          <LinearRing>
            <coordinates>-45.3808900,-15.2709494,0 -45.3767755,-15.2723890,0 -45.3735944,-15.2686309,0 -45.3778859,-15.2671819,0 -45.3808900,-15.2709494,0</coordinates>
          </LinearRing>
        </outerBoundaryIs>
      </Polygon>
      <Point>
        <coordinates>-45.3772864,-15.2697878,0</coordinates>
      </Point>
    </MultiGeometry>
  </Placemark>
  <Placemark>
    <name>P71A</name>
    <description><![CDATA[<b>Retiro:</b> NSA I<br/><b>Area aberta:</b> 25.5 ha<br/><b>Area efetiva:</b> 95 ha<br/><b>Potencial producao:</b> 8500<br/><b>Forragem:</b> Forragem 11<br/><b>Curral:</b> Nao<br/><b>IdCocho:</b> 49416<br/><b>IdPasto:</b> 30265]]></description>
    <MultiGeometry>
      <Polygon>
        <tessellate>1</tessellate>
        <outerBoundaryIs>
          <LinearRing>
            <coordinates>-45.3754826,-15.2637870,0 -45.3779288,-15.2671819,0 -45.3736448,-15.2686549,0 -45.3709413,-15.2652164,0 -45.3754826,-15.2637870,0</coordinates>
          </LinearRing>
        </outerBoundaryIs>
      </Polygon>
      <Point>
        <coordinates>-45.3744994,-15.2662101,0</coordinates>
      </Point>
    </MultiGeometry>
  </Placemark>
  <Placemark>
    <name>P72</name>
    <description><![CDATA[<b>Retiro:</b> NSA I<br/><b>Area aberta:</b> 24.8 ha<br/><b>Area efetiva:</b> 95 ha<br/><b>Potencial producao:</b> 8500<br/><b>Forragem:</b> Forragem 11<br/><b>Curral:</b> Nao<br/><b>IdCocho:</b> 49417<br/><b>IdPasto:</b> 30266]]></description>
    <MultiGeometry>
      <Polygon>
        <tessellate>1</tessellate>
        <outerBoundaryIs>
          <LinearRing>
            <coordinates>-45.3736373,-15.2686309,0 -45.3693458,-15.2699972,0 -45.3724786,-15.2739715,0 -45.3765984,-15.2724398,0 -45.3736373,-15.2686309,0</coordinates>
          </LinearRing>
        </outerBoundaryIs>
      </Polygon>
      <Point>
        <coordinates>-45.3730150,-15.2712598,0</coordinates>
      </Point>
    </MultiGeometry>
  </Placemark>
  <Placemark>
    <name>P72A</name>
    <description><![CDATA[<b>Retiro:</b> NSA I<br/><b>Area aberta:</b> 26.3 ha<br/><b>Area efetiva:</b> 95 ha<br/><b>Potencial producao:</b> 8500<br/><b>Forragem:</b> Forragem 11<br/><b>Curral:</b> Nao<br/><b>IdCocho:</b> 49418<br/><b>IdPasto:</b> 30267]]></description>
    <MultiGeometry>
      <Polygon>
        <tessellate>1</tessellate>
        <outerBoundaryIs>
          <LinearRing>
            <coordinates>-45.3709667,-15.2652028,0 -45.3736230,-15.2686068,0 -45.3693354,-15.2700208,0 -45.3667825,-15.2665045,0 -45.3709667,-15.2652028,0</coordinates>
          </LinearRing>
        </outerBoundaryIs>
      </Polygon>
      <Point>
        <coordinates>-45.3701769,-15.2675837,0</coordinates>
      </Point>
    </MultiGeometry>
  </Placemark>
  <Placemark>
    <name>P73</name>
    <description><![CDATA[<b>Retiro:</b> NSA I<br/><b>Area aberta:</b> 25.1 ha<br/><b>Area efetiva:</b> 95 ha<br/><b>Potencial producao:</b> 8500<br/><b>Forragem:</b> Forragem 11<br/><b>Curral:</b> Nao<br/><b>IdCocho:</b> 49419<br/><b>IdPasto:</b> 30268]]></description>
    <MultiGeometry>
      <Polygon>
        <tessellate>1</tessellate>
        <outerBoundaryIs>
          <LinearRing>
            <coordinates>-45.3683381,-15.2754275,0 -45.3655883,-15.2715205,0 -45.3694168,-15.2701322,0 -45.3724563,-15.2739793,0 -45.3683381,-15.2754275,0</coordinates>
          </LinearRing>
        </outerBoundaryIs>
      </Polygon>
      <Point>
        <coordinates>-45.3689499,-15.2727649,0</coordinates>
      </Point>
    </MultiGeometry>
  </Placemark>
  <Placemark>
    <name>P73A</name>
    <description><![CDATA[<b>Retiro:</b> NSA I<br/><b>Area aberta:</b> 25.1 ha<br/><b>Area efetiva:</b> 95 ha<br/><b>Potencial producao:</b> 8500<br/><b>Forragem:</b> Forragem 11<br/><b>Curral:</b> Nao<br/><b>IdCocho:</b> 49420<br/><b>IdPasto:</b> 30269]]></description>
    <MultiGeometry>
      <Polygon>
        <tessellate>1</tessellate>
        <outerBoundaryIs>
          <LinearRing>
            <coordinates>-45.3694506,-15.2701565,0 -45.3655882,-15.2715319,0 -45.3625708,-15.2675624,0 -45.3667707,-15.2664948,0 -45.3694506,-15.2701565,0</coordinates>
          </LinearRing>
        </outerBoundaryIs>
      </Polygon>
      <Point>
        <coordinates>-45.3660951,-15.2689364,0</coordinates>
      </Point>
    </MultiGeometry>
  </Placemark>
  <Placemark>
    <name>P74</name>
    <description><![CDATA[<b>Retiro:</b> NSA I<br/><b>Area aberta:</b> 26.6 ha<br/><b>Area efetiva:</b> 95 ha<br/><b>Potencial producao:</b> 8500<br/><b>Forragem:</b> Forragem 11<br/><b>Curral:</b> Nao<br/><b>IdCocho:</b> 49421<br/><b>IdPasto:</b> 30270]]></description>
    <MultiGeometry>
      <Polygon>
        <tessellate>1</tessellate>
        <outerBoundaryIs>
          <LinearRing>
            <coordinates>-45.3637453,-15.2770351,0 -45.3610202,-15.2731435,0 -45.3655883,-15.2715718,0 -45.3683361,-15.2754614,0 -45.3637453,-15.2770351,0</coordinates>
          </LinearRing>
        </outerBoundaryIs>
      </Polygon>
      <Point>
        <coordinates>-45.3646725,-15.2743030,0</coordinates>
      </Point>
    </MultiGeometry>
  </Placemark>
  <Placemark>
    <name>P74A</name>
    <description><![CDATA[<b>Retiro:</b> NSA I<br/><b>Area aberta:</b> 14.9 ha<br/><b>Area efetiva:</b> 95 ha<br/><b>Potencial producao:</b> 8500<br/><b>Forragem:</b> Forragem 11<br/><b>Curral:</b> Nao<br/><b>IdCocho:</b> 49422<br/><b>IdPasto:</b> 30271]]></description>
    <MultiGeometry>
      <Polygon>
        <tessellate>1</tessellate>
        <outerBoundaryIs>
          <LinearRing>
            <coordinates>-45.3610762,-15.2731403,0 -45.3581365,-15.2690210,0 -45.3626381,-15.2676307,0 -45.3655882,-15.2715546,0 -45.3610762,-15.2731403,0</coordinates>
          </LinearRing>
        </outerBoundaryIs>
      </Polygon>
      <Point>
        <coordinates>-45.3618598,-15.2703367,0</coordinates>
      </Point>
    </MultiGeometry>
  </Placemark>
  <Placemark>
    <name>P75</name>
    <description><![CDATA[<b>Retiro:</b> NSA I<br/><b>Area aberta:</b> 201.2 ha<br/><b>Area efetiva:</b> 95 ha<br/><b>Potencial producao:</b> 8500<br/><b>Forragem:</b> Forragem 55<br/><b>Curral:</b> Nao<br/><b>IdCocho:</b> 35258<br/><b>IdPasto:</b> 11643]]></description>
    <MultiGeometry>
      <Polygon>
        <tessellate>1</tessellate>
        <outerBoundaryIs>
          <LinearRing>
            <coordinates>-45.3708156,-15.2875423,0 -45.3637182,-15.2770772,0 -45.3808176,-15.2709661,0 -45.3842213,-15.2753988,0 -45.3837647,-15.2756962,0 -45.3834479,-15.2755555,0 -45.3831946,-15.2754261,0 -45.3829401,-15.2753312,0 -45.3827937,-15.2752478,0 -45.3826349,-15.2750494,0 -45.3824205,-15.2749131,0 -45.3821132,-15.2748106,0 -45.3817085,-15.2747590,0 -45.3813145,-15.2747921,0 -45.3810137,-15.2749510,0 -45.3806882,-15.2750226,0 -45.3804922,-15.2750645,0 -45.3802630,-15.2750908,0 -45.3799569,-15.2752429,0 -45.3797696,-15.2753736,0 -45.3796258,-15.2753770,0 -45.3794573,-15.2753071,0 -45.3791610,-15.2752387,0 -45.3789349,-15.2751472,0 -45.3786235,-15.2749148,0 -45.3785022,-15.2748679,0 -45.3783924,-15.2748388,0 -45.3782428,-15.2748167,0 -45.3780202,-15.2748548,0 -45.3779009,-15.2748995,0 -45.3777587,-15.2749736,0 -45.3776112,-15.2750829,0 -45.3775129,-15.2751327,0 -45.3774238,-15.2752048,0 -45.3773726,-15.2753147,0 -45.3774251,-15.2800428,0 -45.3774339,-15.2801308,0 -45.3774773,-15.2801916,0 -45.3775870,-15.2802372,0 -45.3787551,-15.2801043,0 -45.3788456,-15.2801164,0 -45.3788978,-15.2801564,0 -45.3825566,-15.2839835,0 -45.3708156,-15.2875423,0</coordinates>
          </LinearRing>
        </outerBoundaryIs>
      </Polygon>
      <Point>
        <coordinates>-45.3793397,-15.2763778,0</coordinates>
      </Point>
    </MultiGeometry>
  </Placemark>
  <Placemark>
    <name>P77</name>
    <description><![CDATA[<b>Retiro:</b> NSA I<br/><b>Area aberta:</b> 23 ha<br/><b>Area efetiva:</b> 95 ha<br/><b>Potencial producao:</b> 8500<br/><b>Forragem:</b> Forragem 55<br/><b>Curral:</b> Nao<br/><b>IdCocho:</b> 119940<br/><b>IdPasto:</b> 95965]]></description>
    <MultiGeometry>
      <Polygon>
        <tessellate>1</tessellate>
        <outerBoundaryIs>
          <LinearRing>
            <coordinates>-45.3844417,-15.2866670,0 -45.3785912,-15.2883170,0 -45.3769384,-15.2856296,0 -45.3825647,-15.2840679,0 -45.3844417,-15.2866670,0</coordinates>
          </LinearRing>
        </outerBoundaryIs>
      </Polygon>
      <Point>
        <coordinates>-45.3806340,-15.2861704,0</coordinates>
      </Point>
    </MultiGeometry>
  </Placemark>
  <Placemark>
    <name>P78</name>
    <description><![CDATA[<b>Retiro:</b> NSA I<br/><b>Area aberta:</b> 22.95 ha<br/><b>Area efetiva:</b> 95 ha<br/><b>Potencial producao:</b> 8500<br/><b>Forragem:</b> Forragem 55<br/><b>Curral:</b> Nao<br/><b>IdCocho:</b> 119939<br/><b>IdPasto:</b> 95964]]></description>
    <MultiGeometry>
      <Polygon>
        <tessellate>1</tessellate>
        <outerBoundaryIs>
          <LinearRing>
            <coordinates>-45.3769384,-15.2857538,0 -45.3785912,-15.2883170,0 -45.3726854,-15.2899508,0 -45.3710476,-15.2874717,0 -45.3711020,-15.2874510,0 -45.3769384,-15.2857538,0</coordinates>
          </LinearRing>
        </outerBoundaryIs>
      </Polygon>
      <Point>
        <coordinates>-45.3740729,-15.2877889,0</coordinates>
      </Point>
    </MultiGeometry>
  </Placemark>
  <Placemark>
    <name>P79</name>
    <description><![CDATA[<b>Retiro:</b> NSA I<br/><b>Area aberta:</b> 23.05 ha<br/><b>Area efetiva:</b> 95 ha<br/><b>Potencial producao:</b> 8500<br/><b>Forragem:</b> Forragem 55<br/><b>Curral:</b> Nao<br/><b>IdCocho:</b> 119942<br/><b>IdPasto:</b> 95967]]></description>
    <MultiGeometry>
      <Polygon>
        <tessellate>1</tessellate>
        <outerBoundaryIs>
          <LinearRing>
            <coordinates>-45.3864398,-15.2893750,0 -45.3805561,-15.2908983,0 -45.3785911,-15.2882974,0 -45.3844214,-15.2866866,0 -45.3864398,-15.2893750,0</coordinates>
          </LinearRing>
        </outerBoundaryIs>
      </Polygon>
      <Point>
        <coordinates>-45.3825021,-15.2888143,0</coordinates>
      </Point>
    </MultiGeometry>
  </Placemark>
  <Placemark>
    <name>P80</name>
    <description><![CDATA[<b>Retiro:</b> NSA I<br/><b>Area aberta:</b> 23.03 ha<br/><b>Area efetiva:</b> 95 ha<br/><b>Potencial producao:</b> 8500<br/><b>Forragem:</b> Forragem 55<br/><b>Curral:</b> Nao<br/><b>IdCocho:</b> 119941<br/><b>IdPasto:</b> 95966]]></description>
    <MultiGeometry>
      <Polygon>
        <tessellate>1</tessellate>
        <outerBoundaryIs>
          <LinearRing>
            <coordinates>-45.3805561,-15.2909175,0 -45.3744951,-15.2924652,0 -45.3727255,-15.2899702,0 -45.3786311,-15.2883171,0 -45.3805561,-15.2909175,0</coordinates>
          </LinearRing>
        </outerBoundaryIs>
      </Polygon>
      <Point>
        <coordinates>-45.3766020,-15.2904175,0</coordinates>
      </Point>
    </MultiGeometry>
  </Placemark>
  <Placemark>
    <name>P81</name>
    <description><![CDATA[<b>Retiro:</b> NSA I<br/><b>Area aberta:</b> 23 ha<br/><b>Area efetiva:</b> 95 ha<br/><b>Potencial producao:</b> 8500<br/><b>Forragem:</b> Forragem 55<br/><b>Curral:</b> Nao<br/><b>IdCocho:</b> 119944<br/><b>IdPasto:</b> 95969]]></description>
    <MultiGeometry>
      <Polygon>
        <tessellate>1</tessellate>
        <outerBoundaryIs>
          <LinearRing>
            <coordinates>-45.3806155,-15.2908790,0 -45.3864394,-15.2893944,0 -45.3881612,-15.2917619,0 -45.3821747,-15.2933764,0 -45.3806155,-15.2908790,0</coordinates>
          </LinearRing>
        </outerBoundaryIs>
      </Polygon>
      <Point>
        <coordinates>-45.3843477,-15.2913529,0</coordinates>
      </Point>
    </MultiGeometry>
  </Placemark>
  <Placemark>
    <name>P82</name>
    <description><![CDATA[<b>Retiro:</b> NSA I<br/><b>Area aberta:</b> 23.01 ha<br/><b>Area efetiva:</b> 95 ha<br/><b>Potencial producao:</b> 8500<br/><b>Forragem:</b> Forragem 55<br/><b>Curral:</b> Nao<br/><b>IdCocho:</b> 119943<br/><b>IdPasto:</b> 95968]]></description>
    <MultiGeometry>
      <Polygon>
        <tessellate>1</tessellate>
        <outerBoundaryIs>
          <LinearRing>
            <coordinates>-45.3821943,-15.2933763,0 -45.3760765,-15.2949547,0 -45.3743967,-15.2924652,0 -45.3805364,-15.2908791,0 -45.3821943,-15.2933763,0</coordinates>
          </LinearRing>
        </outerBoundaryIs>
      </Polygon>
      <Point>
        <coordinates>-45.3783010,-15.2929188,0</coordinates>
      </Point>
    </MultiGeometry>
  </Placemark>
  <Placemark>
    <name>P83</name>
    <description><![CDATA[<b>Retiro:</b> NSA I<br/><b>Area aberta:</b> 23.02 ha<br/><b>Area efetiva:</b> 95 ha<br/><b>Potencial producao:</b> 8500<br/><b>Forragem:</b> Forragem 55<br/><b>Curral:</b> Nao<br/><b>IdCocho:</b> 119946<br/><b>IdPasto:</b> 95971]]></description>
    <MultiGeometry>
      <Polygon>
        <tessellate>1</tessellate>
        <outerBoundaryIs>
          <LinearRing>
            <coordinates>-45.3840757,-15.2960752,0 -45.3822334,-15.2933953,0 -45.3881399,-15.2918192,0 -45.3899763,-15.2946390,0 -45.3840757,-15.2960752,0</coordinates>
          </LinearRing>
        </outerBoundaryIs>
      </Polygon>
      <Point>
        <coordinates>-45.3861063,-15.2939822,0</coordinates>
      </Point>
    </MultiGeometry>
  </Placemark>
  <Placemark>
    <name>P84</name>
    <description><![CDATA[<b>Retiro:</b> NSA I<br/><b>Area aberta:</b> 23 ha<br/><b>Area efetiva:</b> 95 ha<br/><b>Potencial producao:</b> 8500<br/><b>Forragem:</b> Forragem 55<br/><b>Curral:</b> Nao<br/><b>IdCocho:</b> 119945<br/><b>IdPasto:</b> 95970]]></description>
    <MultiGeometry>
      <Polygon>
        <tessellate>1</tessellate>
        <outerBoundaryIs>
          <LinearRing>
            <coordinates>-45.3840369,-15.2960752,0 -45.3779030,-15.2976075,0 -45.3760962,-15.2949734,0 -45.3821942,-15.2933953,0 -45.3840369,-15.2960752,0</coordinates>
          </LinearRing>
        </outerBoundaryIs>
      </Polygon>
      <Point>
        <coordinates>-45.3800575,-15.2955128,0</coordinates>
      </Point>
    </MultiGeometry>
  </Placemark>
  <Placemark>
    <name>P85</name>
    <description><![CDATA[<b>Retiro:</b> NSA I<br/><b>Area aberta:</b> 29.97 ha<br/><b>Area efetiva:</b> 95 ha<br/><b>Potencial producao:</b> 8500<br/><b>Forragem:</b> Forragem 55<br/><b>Curral:</b> Nao<br/><b>IdCocho:</b> 119947<br/><b>IdPasto:</b> 95972]]></description>
    <MultiGeometry>
      <Polygon>
        <tessellate>1</tessellate>
        <outerBoundaryIs>
          <LinearRing>
            <coordinates>-45.3825174,-15.2840387,0 -45.3864657,-15.2893996,0 -45.3901135,-15.2947190,0 -45.3902851,-15.2929804,0 -45.3898989,-15.2921524,0 -45.3904997,-15.2913245,0 -45.3907143,-15.2880542,0 -45.3865086,-15.2866881,0 -45.3848778,-15.2851150,0 -45.3837191,-15.2851564,0 -45.3825174,-15.2840387,0</coordinates>
          </LinearRing>
        </outerBoundaryIs>
      </Polygon>
      <Point>
        <coordinates>-45.3875600,-15.2889628,0</coordinates>
      </Point>
    </MultiGeometry>
  </Placemark>
  <Placemark>
    <name>P86</name>
    <description><![CDATA[<b>Retiro:</b> NSA I<br/><b>Area aberta:</b> 80.1 ha<br/><b>Area efetiva:</b> 95 ha<br/><b>Potencial producao:</b> 8500<br/><b>Forragem:</b> Forragem 55<br/><b>Curral:</b> Nao<br/><b>IdCocho:</b> 35255<br/><b>IdPasto:</b> 11640]]></description>
    <MultiGeometry>
      <Polygon>
        <tessellate>1</tessellate>
        <outerBoundaryIs>
          <LinearRing>
            <coordinates>-45.3792758,-15.2997175,0 -45.3779609,-15.2975891,0 -45.3824191,-15.2964826,0 -45.3853644,-15.2957966,0 -45.3890878,-15.2948823,0 -45.3900156,-15.2946390,0 -45.3910304,-15.2954263,0 -45.3918030,-15.2958545,0 -45.3950508,-15.2978139,0 -45.3949028,-15.3030959,0 -45.3913267,-15.3032465,0 -45.3904673,-15.3022946,0 -45.3893750,-15.3019137,0 -45.3892563,-15.3004251,0 -45.3887706,-15.2994908,0 -45.3877448,-15.2991983,0 -45.3871416,-15.2990761,0 -45.3865897,-15.3002463,0 -45.3850014,-15.2996808,0 -45.3819375,-15.2990606,0 -45.3810187,-15.2990346,0 -45.3802154,-15.2997219,0 -45.3792758,-15.2997175,0</coordinates>
          </LinearRing>
        </outerBoundaryIs>
      </Polygon>
      <Point>
        <coordinates>-45.3870798,-15.2988494,0</coordinates>
      </Point>
    </MultiGeometry>
  </Placemark>
  <Placemark>
    <name>P01 T35</name>
    <description><![CDATA[<b>Retiro:</b> NSA I<br/><b>Area aberta:</b> 12.03 ha<br/><b>Area efetiva:</b> 95 ha<br/><b>Potencial producao:</b> 8000<br/><b>Forragem:</b> Forragem 56<br/><b>Curral:</b> Nao<br/><b>IdCocho:</b> 125447<br/><b>IdPasto:</b> 100944]]></description>
    <MultiGeometry>
      <Polygon>
        <tessellate>1</tessellate>
        <outerBoundaryIs>
          <LinearRing>
            <coordinates>-45.4264873,-15.2382130,0 -45.4236603,-15.2401647,0 -45.4248282,-15.2426383,0 -45.4278234,-15.2407316,0 -45.4264873,-15.2382130,0</coordinates>
          </LinearRing>
        </outerBoundaryIs>
      </Polygon>
      <Point>
        <coordinates>-45.4256998,-15.2404369,0</coordinates>
      </Point>
    </MultiGeometry>
  </Placemark>
  <Placemark>
    <name>P02 T35</name>
    <description><![CDATA[<b>Retiro:</b> NSA I<br/><b>Area aberta:</b> 11.35 ha<br/><b>Area efetiva:</b> 95 ha<br/><b>Potencial producao:</b> 8000<br/><b>Forragem:</b> Forragem 56<br/><b>Curral:</b> Nao<br/><b>IdCocho:</b> 125448<br/><b>IdPasto:</b> 100945]]></description>
    <MultiGeometry>
      <Polygon>
        <tessellate>1</tessellate>
        <outerBoundaryIs>
          <LinearRing>
            <coordinates>-45.4248273,-15.2426528,0 -45.4221261,-15.2444088,0 -45.4210424,-15.2419039,0 -45.4236710,-15.2401544,0 -45.4248273,-15.2426528,0</coordinates>
          </LinearRing>
        </outerBoundaryIs>
      </Polygon>
      <Point>
        <coordinates>-45.4229167,-15.2422800,0</coordinates>
      </Point>
    </MultiGeometry>
  </Placemark>
  <Placemark>
    <name>P03 T35</name>
    <description><![CDATA[<b>Retiro:</b> NSA I<br/><b>Area aberta:</b> 10.86 ha<br/><b>Area efetiva:</b> 95 ha<br/><b>Potencial producao:</b> 8000<br/><b>Forragem:</b> Forragem 56<br/><b>Curral:</b> Nao<br/><b>IdCocho:</b> 125449<br/><b>IdPasto:</b> 100946]]></description>
    <MultiGeometry>
      <Polygon>
        <tessellate>1</tessellate>
        <outerBoundaryIs>
          <LinearRing>
            <coordinates>-45.4210424,-15.2419143,0 -45.4180491,-15.2440259,0 -45.4190576,-15.2463134,0 -45.4221475,-15.2443985,0 -45.4210424,-15.2419143,0</coordinates>
          </LinearRing>
        </outerBoundaryIs>
      </Polygon>
      <Point>
        <coordinates>-45.4200742,-15.2441630,0</coordinates>
      </Point>
    </MultiGeometry>
  </Placemark>
  <Placemark>
    <name>P04 - T32</name>
    <description><![CDATA[<b>Retiro:</b> NSA I<br/><b>Area aberta:</b> 13.35 ha<br/><b>Area efetiva:</b> 90 ha<br/><b>Forragem:</b> Forragem 56<br/><b>Curral:</b> Nao<br/><b>IdCocho:</b> 134569<br/><b>IdPasto:</b> 109790]]></description>
    <MultiGeometry>
      <Polygon>
        <tessellate>1</tessellate>
        <outerBoundaryIs>
          <LinearRing>
            <coordinates>-45.4169977,-15.2406620,0 -45.4128993,-15.2430946,0 -45.4146159,-15.2461374,0 -45.4185319,-15.2434048,0 -45.4169977,-15.2406620,0</coordinates>
          </LinearRing>
        </outerBoundaryIs>
      </Polygon>
      <Point>
        <coordinates>-45.4157612,-15.2433247,0</coordinates>
      </Point>
    </MultiGeometry>
  </Placemark>
  <Placemark>
    <name>P04 T35</name>
    <description><![CDATA[<b>Retiro:</b> NSA I<br/><b>Area aberta:</b> 10.24 ha<br/><b>Area efetiva:</b> 95 ha<br/><b>Potencial producao:</b> 8000<br/><b>Forragem:</b> Forragem 56<br/><b>Curral:</b> Nao<br/><b>IdCocho:</b> 125450<br/><b>IdPasto:</b> 100947]]></description>
    <MultiGeometry>
      <Polygon>
        <tessellate>1</tessellate>
        <outerBoundaryIs>
          <LinearRing>
            <coordinates>-45.4180706,-15.2440156,0 -45.4146349,-15.2462602,0 -45.4158043,-15.2482476,0 -45.4190683,-15.2463134,0 -45.4180706,-15.2440156,0</coordinates>
          </LinearRing>
        </outerBoundaryIs>
      </Polygon>
      <Point>
        <coordinates>-45.4168945,-15.2462092,0</coordinates>
      </Point>
    </MultiGeometry>
  </Placemark>
  <Placemark>
    <name>P05 T32</name>
    <description><![CDATA[<b>Retiro:</b> NSA I<br/><b>Area aberta:</b> 13.66 ha<br/><b>Area efetiva:</b> 90 ha<br/><b>Forragem:</b> Forragem 56<br/><b>Curral:</b> Nao<br/><b>IdCocho:</b> 134573<br/><b>IdPasto:</b> 109794]]></description>
    <MultiGeometry>
      <Polygon>
        <tessellate>1</tessellate>
        <outerBoundaryIs>
          <LinearRing>
            <coordinates>-45.4156888,-15.2384468,0 -45.4116011,-15.2407344,0 -45.4129422,-15.2430946,0 -45.4169977,-15.2406724,0 -45.4156888,-15.2384468,0</coordinates>
          </LinearRing>
        </outerBoundaryIs>
      </Polygon>
      <Point>
        <coordinates>-45.4143074,-15.2407371,0</coordinates>
      </Point>
    </MultiGeometry>
  </Placemark>
  <Placemark>
    <name>P05 T35</name>
    <description><![CDATA[<b>Retiro:</b> NSA I<br/><b>Area aberta:</b> 12.33 ha<br/><b>Area efetiva:</b> 95 ha<br/><b>Potencial producao:</b> 8000<br/><b>Forragem:</b> Forragem 56<br/><b>Curral:</b> Nao<br/><b>IdCocho:</b> 125451<br/><b>IdPasto:</b> 100948]]></description>
    <MultiGeometry>
      <Polygon>
        <tessellate>1</tessellate>
        <outerBoundaryIs>
          <LinearRing>
            <coordinates>-45.4278314,-15.2407740,0 -45.4247951,-15.2426786,0 -45.4261684,-15.2452044,0 -45.4291725,-15.2434239,0 -45.4278314,-15.2407740,0</coordinates>
          </LinearRing>
        </outerBoundaryIs>
      </Polygon>
      <Point>
        <coordinates>-45.4269918,-15.2430202,0</coordinates>
      </Point>
    </MultiGeometry>
  </Placemark>
  <Placemark>
    <name>P06 - T32</name>
    <description><![CDATA[<b>Retiro:</b> NSA I<br/><b>Area aberta:</b> 13.96 ha<br/><b>Area efetiva:</b> 90 ha<br/><b>Forragem:</b> Forragem 56<br/><b>Curral:</b> Nao<br/><b>IdCocho:</b> 134572<br/><b>IdPasto:</b> 109793]]></description>
    <MultiGeometry>
      <Polygon>
        <tessellate>1</tessellate>
        <outerBoundaryIs>
          <LinearRing>
            <coordinates>-45.4197228,-15.2361280,0 -45.4156673,-15.2384364,0 -45.4169762,-15.2406930,0 -45.4211283,-15.2382708,0 -45.4197228,-15.2361280,0</coordinates>
          </LinearRing>
        </outerBoundaryIs>
      </Polygon>
      <Point>
        <coordinates>-45.4183736,-15.2383821,0</coordinates>
      </Point>
    </MultiGeometry>
  </Placemark>
  <Placemark>
    <name>P06 T35</name>
    <description><![CDATA[<b>Retiro:</b> NSA I<br/><b>Area aberta:</b> 12.09 ha<br/><b>Area efetiva:</b> 95 ha<br/><b>Potencial producao:</b> 8000<br/><b>Forragem:</b> Forragem 56<br/><b>Curral:</b> Nao<br/><b>IdCocho:</b> 125452<br/><b>IdPasto:</b> 100949]]></description>
    <MultiGeometry>
      <Polygon>
        <tessellate>1</tessellate>
        <outerBoundaryIs>
          <LinearRing>
            <coordinates>-45.4248058,-15.2426579,0 -45.4221475,-15.2443882,0 -45.4231214,-15.2470883,0 -45.4261469,-15.2452044,0 -45.4248058,-15.2426579,0</coordinates>
          </LinearRing>
        </outerBoundaryIs>
      </Polygon>
      <Point>
        <coordinates>-45.4240554,-15.2448347,0</coordinates>
      </Point>
    </MultiGeometry>
  </Placemark>
  <Placemark>
    <name>P07 - T32</name>
    <description><![CDATA[<b>Retiro:</b> NSA I<br/><b>Area aberta:</b> 13.12 ha<br/><b>Area efetiva:</b> 90 ha<br/><b>Forragem:</b> Forragem 56<br/><b>Curral:</b> Nao<br/><b>IdCocho:</b> 134571<br/><b>IdPasto:</b> 109792]]></description>
    <MultiGeometry>
      <Polygon>
        <tessellate>1</tessellate>
        <outerBoundaryIs>
          <LinearRing>
            <coordinates>-45.4237676,-15.2338712,0 -45.4197228,-15.2361280,0 -45.4211175,-15.2382708,0 -45.4250979,-15.2358898,0 -45.4237676,-15.2338712,0</coordinates>
          </LinearRing>
        </outerBoundaryIs>
      </Polygon>
      <Point>
        <coordinates>-45.4224265,-15.2360400,0</coordinates>
      </Point>
    </MultiGeometry>
  </Placemark>
  <Placemark>
    <name>P07 T35</name>
    <description><![CDATA[<b>Retiro:</b> NSA I<br/><b>Area aberta:</b> 12.02 ha<br/><b>Area efetiva:</b> 95 ha<br/><b>Potencial producao:</b> 8000<br/><b>Forragem:</b> Forragem 56<br/><b>Curral:</b> Nao<br/><b>IdCocho:</b> 125453<br/><b>IdPasto:</b> 100950]]></description>
    <MultiGeometry>
      <Polygon>
        <tessellate>1</tessellate>
        <outerBoundaryIs>
          <LinearRing>
            <coordinates>-45.4221368,-15.2443882,0 -45.4190576,-15.2462928,0 -45.4202485,-15.2489426,0 -45.4231429,-15.2471504,0 -45.4221368,-15.2443882,0</coordinates>
          </LinearRing>
        </outerBoundaryIs>
      </Polygon>
      <Point>
        <coordinates>-45.4211464,-15.2466935,0</coordinates>
      </Point>
    </MultiGeometry>
  </Placemark>
  <Placemark>
    <name>P08 T35</name>
    <description><![CDATA[<b>Retiro:</b> NSA I<br/><b>Area aberta:</b> 11.65 ha<br/><b>Area efetiva:</b> 95 ha<br/><b>Potencial producao:</b> 8000<br/><b>Forragem:</b> Forragem 56<br/><b>Curral:</b> Nao<br/><b>IdCocho:</b> 125454<br/><b>IdPasto:</b> 100951]]></description>
    <MultiGeometry>
      <Polygon>
        <tessellate>1</tessellate>
        <outerBoundaryIs>
          <LinearRing>
            <coordinates>-45.4190683,-15.2463135,0 -45.4158068,-15.2482801,0 -45.4172444,-15.2508678,0 -45.4203022,-15.2489737,0 -45.4190683,-15.2463135,0</coordinates>
          </LinearRing>
        </outerBoundaryIs>
      </Polygon>
      <Point>
        <coordinates>-45.4181054,-15.2486088,0</coordinates>
      </Point>
    </MultiGeometry>
  </Placemark>
  <Placemark>
    <name>P09 - T32</name>
    <description><![CDATA[<b>Retiro:</b> NSA I<br/><b>Area aberta:</b> 15.42 ha<br/><b>Area efetiva:</b> 90 ha<br/><b>Forragem:</b> Forragem 56<br/><b>Curral:</b> Nao<br/><b>IdCocho:</b> 134577<br/><b>IdPasto:</b> 109798]]></description>
    <MultiGeometry>
      <Polygon>
        <tessellate>1</tessellate>
        <outerBoundaryIs>
          <LinearRing>
            <coordinates>-45.4276407,-15.2316350,0 -45.4263639,-15.2296577,0 -45.4224050,-15.2317905,0 -45.4237247,-15.2338713,0 -45.4276407,-15.2316350,0</coordinates>
          </LinearRing>
        </outerBoundaryIs>
      </Polygon>
      <Point>
        <coordinates>-45.4250336,-15.2317386,0</coordinates>
      </Point>
    </MultiGeometry>
  </Placemark>
  <Placemark>
    <name>P09 T35</name>
    <description><![CDATA[<b>Retiro:</b> NSA I<br/><b>Area aberta:</b> 12.37 ha<br/><b>Area efetiva:</b> 95 ha<br/><b>Potencial producao:</b> 8000<br/><b>Forragem:</b> Forragem 56<br/><b>Curral:</b> Nao<br/><b>IdCocho:</b> 125455<br/><b>IdPasto:</b> 100952]]></description>
    <MultiGeometry>
      <Polygon>
        <tessellate>1</tessellate>
        <outerBoundaryIs>
          <LinearRing>
            <coordinates>-45.4292046,-15.2434550,0 -45.4261469,-15.2452354,0 -45.4275631,-15.2477508,0 -45.4306101,-15.2461567,0 -45.4292046,-15.2434550,0</coordinates>
          </LinearRing>
        </outerBoundaryIs>
      </Polygon>
      <Point>
        <coordinates>-45.4283812,-15.2456495,0</coordinates>
      </Point>
    </MultiGeometry>
  </Placemark>
  <Placemark>
    <name>P10 - T32</name>
    <description><![CDATA[<b>Retiro:</b> NSA I<br/><b>Area aberta:</b> 13.64 ha<br/><b>Area efetiva:</b> 90 ha<br/><b>Forragem:</b> Forragem 56<br/><b>Curral:</b> Nao<br/><b>IdCocho:</b> 134576<br/><b>IdPasto:</b> 109797]]></description>
    <MultiGeometry>
      <Polygon>
        <tessellate>1</tessellate>
        <outerBoundaryIs>
          <LinearRing>
            <coordinates>-45.4183495,-15.2339852,0 -45.4224157,-15.2317595,0 -45.4237354,-15.2338609,0 -45.4197228,-15.2361280,0 -45.4183495,-15.2339852,0</coordinates>
          </LinearRing>
        </outerBoundaryIs>
      </Polygon>
      <Point>
        <coordinates>-45.4210559,-15.2339334,0</coordinates>
      </Point>
    </MultiGeometry>
  </Placemark>
  <Placemark>
    <name>P10 T35</name>
    <description><![CDATA[<b>Retiro:</b> NSA I<br/><b>Area aberta:</b> 12.21 ha<br/><b>Area efetiva:</b> 95 ha<br/><b>Potencial producao:</b> 8000<br/><b>Forragem:</b> Forragem 56<br/><b>Curral:</b> Nao<br/><b>IdCocho:</b> 125456<br/><b>IdPasto:</b> 100953]]></description>
    <MultiGeometry>
      <Polygon>
        <tessellate>1</tessellate>
        <outerBoundaryIs>
          <LinearRing>
            <coordinates>-45.4261577,-15.2452354,0 -45.4230570,-15.2471194,0 -45.4244303,-15.2495726,0 -45.4275202,-15.2477404,0 -45.4261577,-15.2452354,0</coordinates>
          </LinearRing>
        </outerBoundaryIs>
      </Polygon>
      <Point>
        <coordinates>-45.4252913,-15.2474169,0</coordinates>
      </Point>
    </MultiGeometry>
  </Placemark>
  <Placemark>
    <name>P11 - T32</name>
    <description><![CDATA[<b>Retiro:</b> NSA I<br/><b>Area aberta:</b> 13.94 ha<br/><b>Area efetiva:</b> 90 ha<br/><b>Forragem:</b> Forragem 56<br/><b>Curral:</b> Nao<br/><b>IdCocho:</b> 134575<br/><b>IdPasto:</b> 109796]]></description>
    <MultiGeometry>
      <Polygon>
        <tessellate>1</tessellate>
        <outerBoundaryIs>
          <LinearRing>
            <coordinates>-45.4197228,-15.2361280,0 -45.4183710,-15.2339852,0 -45.4143691,-15.2362005,0 -45.4156780,-15.2384468,0 -45.4197228,-15.2361280,0</coordinates>
          </LinearRing>
        </outerBoundaryIs>
      </Polygon>
      <Point>
        <coordinates>-45.4170352,-15.2361901,0</coordinates>
      </Point>
    </MultiGeometry>
  </Placemark>
  <Placemark>
    <name>P11 T35</name>
    <description><![CDATA[<b>Retiro:</b> NSA I<br/><b>Area aberta:</b> 12.44 ha<br/><b>Area efetiva:</b> 95 ha<br/><b>Potencial producao:</b> 8000<br/><b>Forragem:</b> Forragem 56<br/><b>Curral:</b> Nao<br/><b>IdCocho:</b> 125457<br/><b>IdPasto:</b> 100954]]></description>
    <MultiGeometry>
      <Polygon>
        <tessellate>1</tessellate>
        <outerBoundaryIs>
          <LinearRing>
            <coordinates>-45.4231214,-15.2471608,0 -45.4202485,-15.2489116,0 -45.4213619,-15.2516117,0 -45.4244089,-15.2496036,0 -45.4231214,-15.2471608,0</coordinates>
          </LinearRing>
        </outerBoundaryIs>
      </Polygon>
      <Point>
        <coordinates>-45.4222852,-15.2493219,0</coordinates>
      </Point>
    </MultiGeometry>
  </Placemark>
  <Placemark>
    <name>P12 - T32</name>
    <description><![CDATA[<b>Retiro:</b> NSA I<br/><b>Area aberta:</b> 13.93 ha<br/><b>Area efetiva:</b> 90 ha<br/><b>Forragem:</b> Forragem 56<br/><b>Curral:</b> Nao<br/><b>IdCocho:</b> 134574<br/><b>IdPasto:</b> 109795]]></description>
    <MultiGeometry>
      <Polygon>
        <tessellate>1</tessellate>
        <outerBoundaryIs>
          <LinearRing>
            <coordinates>-45.4156673,-15.2384468,0 -45.4143584,-15.2362108,0 -45.4103029,-15.2384051,0 -45.4116440,-15.2407345,0 -45.4156673,-15.2384468,0</coordinates>
          </LinearRing>
        </outerBoundaryIs>
      </Polygon>
      <Point>
        <coordinates>-45.4129931,-15.2384493,0</coordinates>
      </Point>
    </MultiGeometry>
  </Placemark>
  <Placemark>
    <name>P12 T35</name>
    <description><![CDATA[<b>Retiro:</b> NSA I<br/><b>Area aberta:</b> 11.21 ha<br/><b>Area efetiva:</b> 95 ha<br/><b>Potencial producao:</b> 8000<br/><b>Forragem:</b> Forragem 56<br/><b>Curral:</b> Nao<br/><b>IdCocho:</b> 125458<br/><b>IdPasto:</b> 100955]]></description>
    <MultiGeometry>
      <Polygon>
        <tessellate>1</tessellate>
        <outerBoundaryIs>
          <LinearRing>
            <coordinates>-45.4202807,-15.2489633,0 -45.4172659,-15.2508885,0 -45.4183256,-15.2528021,0 -45.4190576,-15.2531451,0 -45.4213511,-15.2516324,0 -45.4202807,-15.2489633,0</coordinates>
          </LinearRing>
        </outerBoundaryIs>
      </Polygon>
      <Point>
        <coordinates>-45.4192562,-15.2514863,0</coordinates>
      </Point>
    </MultiGeometry>
  </Placemark>
  <Placemark>
    <name>P13 - T32</name>
    <description><![CDATA[<b>Retiro:</b> NSA I<br/><b>Area aberta:</b> 15.27 ha<br/><b>Area efetiva:</b> 90 ha<br/><b>Forragem:</b> Forragem 56<br/><b>Curral:</b> Nao<br/><b>IdCocho:</b> 134578<br/><b>IdPasto:</b> 109799]]></description>
    <MultiGeometry>
      <Polygon>
        <tessellate>1</tessellate>
        <outerBoundaryIs>
          <LinearRing>
            <coordinates>-45.4263639,-15.2296370,0 -45.4250060,-15.2278458,0 -45.4210961,-15.2298544,0 -45.4224157,-15.2317698,0 -45.4263639,-15.2296370,0</coordinates>
          </LinearRing>
        </outerBoundaryIs>
      </Polygon>
      <Point>
        <coordinates>-45.4237204,-15.2297767,0</coordinates>
      </Point>
    </MultiGeometry>
  </Placemark>
  <Placemark>
    <name>P13 T35</name>
    <description><![CDATA[<b>Retiro:</b> NSA I<br/><b>Area aberta:</b> 12.14 ha<br/><b>Area efetiva:</b> 95 ha<br/><b>Potencial producao:</b> 8000<br/><b>Forragem:</b> Forragem 56<br/><b>Curral:</b> Nao<br/><b>IdCocho:</b> 125459<br/><b>IdPasto:</b> 100956]]></description>
    <MultiGeometry>
      <Polygon>
        <tessellate>1</tessellate>
        <outerBoundaryIs>
          <LinearRing>
            <coordinates>-45.4305994,-15.2461567,0 -45.4274344,-15.2478232,0 -45.4294860,-15.2502262,0 -45.4318654,-15.2486927,0 -45.4305994,-15.2461567,0</coordinates>
          </LinearRing>
        </outerBoundaryIs>
      </Polygon>
      <Point>
        <coordinates>-45.4298463,-15.2482247,0</coordinates>
      </Point>
    </MultiGeometry>
  </Placemark>
  <Placemark>
    <name>P14 - T32</name>
    <description><![CDATA[<b>Retiro:</b> NSA I<br/><b>Area aberta:</b> 15.67 ha<br/><b>Area efetiva:</b> 90 ha<br/><b>Forragem:</b> Forragem 56<br/><b>Curral:</b> Nao<br/><b>IdCocho:</b> 134579<br/><b>IdPasto:</b> 109800]]></description>
    <MultiGeometry>
      <Polygon>
        <tessellate>1</tessellate>
        <outerBoundaryIs>
          <LinearRing>
            <coordinates>-45.4224157,-15.2317593,0 -45.4210639,-15.2298555,0 -45.4170620,-15.2319455,0 -45.4183710,-15.2340162,0 -45.4224157,-15.2317593,0</coordinates>
          </LinearRing>
        </outerBoundaryIs>
      </Polygon>
      <Point>
        <coordinates>-45.4197282,-15.2318941,0</coordinates>
      </Point>
    </MultiGeometry>
  </Placemark>
  <Placemark>
    <name>P14 T35</name>
    <description><![CDATA[<b>Retiro:</b> NSA I<br/><b>Area aberta:</b> 11.28 ha<br/><b>Area efetiva:</b> 95 ha<br/><b>Potencial producao:</b> 8000<br/><b>Forragem:</b> Forragem 56<br/><b>Curral:</b> Nao<br/><b>IdCocho:</b> 125460<br/><b>IdPasto:</b> 100957]]></description>
    <MultiGeometry>
      <Polygon>
        <tessellate>1</tessellate>
        <outerBoundaryIs>
          <LinearRing>
            <coordinates>-45.4274022,-15.2478025,0 -45.4244196,-15.2496036,0 -45.4249989,-15.2506698,0 -45.4267931,-15.2520581,0 -45.4294860,-15.2502158,0 -45.4274022,-15.2478025,0</coordinates>
          </LinearRing>
        </outerBoundaryIs>
      </Polygon>
      <Point>
        <coordinates>-45.4266200,-15.2500700,0</coordinates>
      </Point>
    </MultiGeometry>
  </Placemark>
  <Placemark>
    <name>P15 - T32</name>
    <description><![CDATA[<b>Retiro:</b> NSA I<br/><b>Area aberta:</b> 17.01 ha<br/><b>Area efetiva:</b> 90 ha<br/><b>Forragem:</b> Forragem 56<br/><b>Curral:</b> Nao<br/><b>IdCocho:</b> 134580<br/><b>IdPasto:</b> 109801]]></description>
    <MultiGeometry>
      <Polygon>
        <tessellate>1</tessellate>
        <outerBoundaryIs>
          <LinearRing>
            <coordinates>-45.4183602,-15.2340162,0 -45.4170728,-15.2319248,0 -45.4131353,-15.2340263,0 -45.4143691,-15.2362315,0 -45.4183602,-15.2340162,0</coordinates>
          </LinearRing>
        </outerBoundaryIs>
      </Polygon>
      <Point>
        <coordinates>-45.4157344,-15.2340497,0</coordinates>
      </Point>
    </MultiGeometry>
  </Placemark>
  <Placemark>
    <name>P15 T35</name>
    <description><![CDATA[<b>Retiro:</b> NSA I<br/><b>Area aberta:</b> 10.63 ha<br/><b>Area efetiva:</b> 95 ha<br/><b>Potencial producao:</b> 8000<br/><b>Forragem:</b> Forragem 56<br/><b>Curral:</b> Nao<br/><b>IdCocho:</b> 125461<br/><b>IdPasto:</b> 100958]]></description>
    <MultiGeometry>
      <Polygon>
        <tessellate>1</tessellate>
        <outerBoundaryIs>
          <LinearRing>
            <coordinates>-45.4244410,-15.2496450,0 -45.4213965,-15.2516649,0 -45.4245937,-15.2535073,0 -45.4267931,-15.2520788,0 -45.4249989,-15.2506905,0 -45.4244410,-15.2496450,0</coordinates>
          </LinearRing>
        </outerBoundaryIs>
      </Polygon>
      <Point>
        <coordinates>-45.4244447,-15.2515173,0</coordinates>
      </Point>
    </MultiGeometry>
  </Placemark>
  <Placemark>
    <name>P16 - T32</name>
    <description><![CDATA[<b>Retiro:</b> NSA I<br/><b>Area aberta:</b> 14.34 ha<br/><b>Area efetiva:</b> 90 ha<br/><b>Forragem:</b> Forragem 56<br/><b>Curral:</b> Nao<br/><b>IdCocho:</b> 134583<br/><b>IdPasto:</b> 109804]]></description>
    <MultiGeometry>
      <Polygon>
        <tessellate>1</tessellate>
        <outerBoundaryIs>
          <LinearRing>
            <coordinates>-45.4143584,-15.2362315,0 -45.4131353,-15.2339953,0 -45.4090476,-15.2360758,0 -45.4103136,-15.2384052,0 -45.4143584,-15.2362315,0</coordinates>
          </LinearRing>
        </outerBoundaryIs>
      </Polygon>
      <Point>
        <coordinates>-45.4117137,-15.2361769,0</coordinates>
      </Point>
    </MultiGeometry>
  </Placemark>
  <Placemark>
    <name>P16 T35</name>
    <description><![CDATA[<b>Retiro:</b> NSA I<br/><b>Area aberta:</b> 9.3 ha<br/><b>Area efetiva:</b> 95 ha<br/><b>Potencial producao:</b> 8000<br/><b>Forragem:</b> Forragem 56<br/><b>Curral:</b> Nao<br/><b>IdCocho:</b> 125462<br/><b>IdPasto:</b> 100959]]></description>
    <MultiGeometry>
      <Polygon>
        <tessellate>1</tessellate>
        <outerBoundaryIs>
          <LinearRing>
            <coordinates>-45.4213619,-15.2516738,0 -45.4190576,-15.2531451,0 -45.4224694,-15.2549460,0 -45.4246044,-15.2535073,0 -45.4213619,-15.2516738,0</coordinates>
          </LinearRing>
        </outerBoundaryIs>
      </Polygon>
      <Point>
        <coordinates>-45.4218733,-15.2533180,0</coordinates>
      </Point>
    </MultiGeometry>
  </Placemark>
  <Placemark>
    <name>P17 T35</name>
    <description><![CDATA[<b>Retiro:</b> NSA I<br/><b>Area aberta:</b> 14.7 ha<br/><b>Area efetiva:</b> 95 ha<br/><b>Potencial producao:</b> 8000<br/><b>Forragem:</b> Forragem 56<br/><b>Curral:</b> Nao<br/><b>IdCocho:</b> 125463<br/><b>IdPasto:</b> 100960]]></description>
    <MultiGeometry>
      <Polygon>
        <tessellate>1</tessellate>
        <outerBoundaryIs>
          <LinearRing>
            <coordinates>-45.4318547,-15.2487445,0 -45.4294753,-15.2502263,0 -45.4321575,-15.2536109,0 -45.4337883,-15.2525135,0 -45.4318547,-15.2487445,0</coordinates>
          </LinearRing>
        </outerBoundaryIs>
      </Polygon>
      <Point>
        <coordinates>-45.4318189,-15.2512738,0</coordinates>
      </Point>
    </MultiGeometry>
  </Placemark>
  <Placemark>
    <name>P18 T35</name>
    <description><![CDATA[<b>Retiro:</b> NSA I<br/><b>Area aberta:</b> 12.26 ha<br/><b>Area efetiva:</b> 95 ha<br/><b>Potencial producao:</b> 8000<br/><b>Forragem:</b> Forragem 56<br/><b>Curral:</b> Nao<br/><b>IdCocho:</b> 125464<br/><b>IdPasto:</b> 100961]]></description>
    <MultiGeometry>
      <Polygon>
        <tessellate>1</tessellate>
        <outerBoundaryIs>
          <LinearRing>
            <coordinates>-45.4295075,-15.2502573,0 -45.4268038,-15.2520685,0 -45.4303980,-15.2547909,0 -45.4321682,-15.2536212,0 -45.4295075,-15.2502573,0</coordinates>
          </LinearRing>
        </outerBoundaryIs>
      </Polygon>
      <Point>
        <coordinates>-45.4297194,-15.2526845,0</coordinates>
      </Point>
    </MultiGeometry>
  </Placemark>
  <Placemark>
    <name>P19 T35</name>
    <description><![CDATA[<b>Retiro:</b> NSA I<br/><b>Area aberta:</b> 12.07 ha<br/><b>Area efetiva:</b> 95 ha<br/><b>Potencial producao:</b> 8000<br/><b>Forragem:</b> Forragem 56<br/><b>Curral:</b> Nao<br/><b>IdCocho:</b> 125465<br/><b>IdPasto:</b> 100962]]></description>
    <MultiGeometry>
      <Polygon>
        <tessellate>1</tessellate>
        <outerBoundaryIs>
          <LinearRing>
            <coordinates>-45.4268038,-15.2520581,0 -45.4245830,-15.2535383,0 -45.4287457,-15.2559088,0 -45.4303658,-15.2547909,0 -45.4268038,-15.2520581,0</coordinates>
          </LinearRing>
        </outerBoundaryIs>
      </Polygon>
      <Point>
        <coordinates>-45.4276246,-15.2540740,0</coordinates>
      </Point>
    </MultiGeometry>
  </Placemark>
  <Placemark>
    <name>P20 T35</name>
    <description><![CDATA[<b>Retiro:</b> NSA I<br/><b>Area aberta:</b> 12.37 ha<br/><b>Area efetiva:</b> 95 ha<br/><b>Potencial producao:</b> 8000<br/><b>Forragem:</b> Forragem 56<br/><b>Curral:</b> Nao<br/><b>IdCocho:</b> 125466<br/><b>IdPasto:</b> 100963]]></description>
    <MultiGeometry>
      <Polygon>
        <tessellate>1</tessellate>
        <outerBoundaryIs>
          <LinearRing>
            <coordinates>-45.4246044,-15.2534969,0 -45.4225016,-15.2549563,0 -45.4269945,-15.2570563,0 -45.4286814,-15.2559192,0 -45.4246044,-15.2534969,0</coordinates>
          </LinearRing>
        </outerBoundaryIs>
      </Polygon>
      <Point>
        <coordinates>-45.4256955,-15.2553572,0</coordinates>
      </Point>
    </MultiGeometry>
  </Placemark>
  <Placemark>
    <name>P21 T35</name>
    <description><![CDATA[<b>Retiro:</b> NSA I<br/><b>Area aberta:</b> 14.52 ha<br/><b>Area efetiva:</b> 95 ha<br/><b>Potencial producao:</b> 8000<br/><b>Forragem:</b> Forragem 56<br/><b>Curral:</b> Nao<br/><b>IdCocho:</b> 125467<br/><b>IdPasto:</b> 100964]]></description>
    <MultiGeometry>
      <Polygon>
        <tessellate>1</tessellate>
        <outerBoundaryIs>
          <LinearRing>
            <coordinates>-45.4355478,-15.2553290,0 -45.4332411,-15.2569749,0 -45.4303443,-15.2548115,0 -45.4321575,-15.2535591,0 -45.4337668,-15.2524721,0 -45.4342687,-15.2535784,0 -45.4343545,-15.2538967,0 -45.4345208,-15.2540959,0 -45.4345905,-15.2542460,0 -45.4347139,-15.2544116,0 -45.4349070,-15.2546652,0 -45.4350760,-15.2549059,0 -45.4352772,-15.2550870,0 -45.4355478,-15.2553290,0</coordinates>
          </LinearRing>
        </outerBoundaryIs>
      </Polygon>
      <Point>
        <coordinates>-45.4340589,-15.2544641,0</coordinates>
      </Point>
    </MultiGeometry>
  </Placemark>
  <Placemark>
    <name>P22 T35</name>
    <description><![CDATA[<b>Retiro:</b> NSA I<br/><b>Area aberta:</b> 14.13 ha<br/><b>Area efetiva:</b> 95 ha<br/><b>Potencial producao:</b> 8000<br/><b>Forragem:</b> Forragem 56<br/><b>Curral:</b> Nao<br/><b>IdCocho:</b> 125468<br/><b>IdPasto:</b> 100965]]></description>
    <MultiGeometry>
      <Polygon>
        <tessellate>1</tessellate>
        <outerBoundaryIs>
          <LinearRing>
            <coordinates>-45.4303765,-15.2548115,0 -45.4269773,-15.2571139,0 -45.4306448,-15.2588173,0 -45.4331768,-15.2569645,0 -45.4303765,-15.2548115,0</coordinates>
          </LinearRing>
        </outerBoundaryIs>
      </Polygon>
      <Point>
        <coordinates>-45.4302938,-15.2569268,0</coordinates>
      </Point>
    </MultiGeometry>
  </Placemark>
  <Placemark>
    <name>P23 T35</name>
    <description><![CDATA[<b>Retiro:</b> NSA I<br/><b>Area aberta:</b> 15.02 ha<br/><b>Area efetiva:</b> 95 ha<br/><b>Potencial producao:</b> 8000<br/><b>Forragem:</b> Forragem 56<br/><b>Curral:</b> Nao<br/><b>IdCocho:</b> 125469<br/><b>IdPasto:</b> 100966]]></description>
    <MultiGeometry>
      <Polygon>
        <tessellate>1</tessellate>
        <outerBoundaryIs>
          <LinearRing>
            <coordinates>-45.4355693,-15.2553290,0 -45.4332304,-15.2569749,0 -45.4367387,-15.2597489,0 -45.4370841,-15.2596107,0 -45.4380604,-15.2595797,0 -45.4380604,-15.2589069,0 -45.4371914,-15.2570852,0 -45.4364635,-15.2561329,0 -45.4361434,-15.2558172,0 -45.4355693,-15.2553290,0</coordinates>
          </LinearRing>
        </outerBoundaryIs>
      </Polygon>
      <Point>
        <coordinates>-45.4365046,-15.2576873,0</coordinates>
      </Point>
    </MultiGeometry>
  </Placemark>
  <Placemark>
    <name>P24 T35</name>
    <description><![CDATA[<b>Retiro:</b> NSA I<br/><b>Area aberta:</b> 13.33 ha<br/><b>Area efetiva:</b> 95 ha<br/><b>Potencial producao:</b> 8000<br/><b>Forragem:</b> Forragem 56<br/><b>Curral:</b> Nao<br/><b>IdCocho:</b> 125470<br/><b>IdPasto:</b> 100967]]></description>
    <MultiGeometry>
      <Polygon>
        <tessellate>1</tessellate>
        <outerBoundaryIs>
          <LinearRing>
            <coordinates>-45.4367602,-15.2596868,0 -45.4367065,-15.2597179,0 -45.4332411,-15.2569438,0 -45.4306662,-15.2587966,0 -45.4346623,-15.2609002,0 -45.4348286,-15.2609261,0 -45.4349949,-15.2609002,0 -45.4351290,-15.2607863,0 -45.4352094,-15.2606725,0 -45.4353811,-15.2605172,0 -45.4355849,-15.2603723,0 -45.4358210,-15.2601653,0 -45.4359926,-15.2600100,0 -45.4361750,-15.2599376,0 -45.4367602,-15.2596868,0</coordinates>
          </LinearRing>
        </outerBoundaryIs>
      </Polygon>
      <Point>
        <coordinates>-45.4350823,-15.2600238,0</coordinates>
      </Point>
    </MultiGeometry>
  </Placemark>
  <Placemark>
    <name>P08 - P32</name>
    <description><![CDATA[<b>Retiro:</b> NSA I<br/><b>Area aberta:</b> 13.81 ha<br/><b>Area efetiva:</b> 90 ha<br/><b>Forragem:</b> Forragem 56<br/><b>Curral:</b> Nao<br/><b>IdCocho:</b> 134570<br/><b>IdPasto:</b> 109791]]></description>
    <MultiGeometry>
      <Polygon>
        <tessellate>1</tessellate>
        <outerBoundaryIs>
          <LinearRing>
            <coordinates>-45.4276407,-15.2316247,0 -45.4237568,-15.2338505,0 -45.4250658,-15.2359105,0 -45.4290891,-15.2336018,0 -45.4276407,-15.2316247,0</coordinates>
          </LinearRing>
        </outerBoundaryIs>
      </Polygon>
      <Point>
        <coordinates>-45.4263881,-15.2337469,0</coordinates>
      </Point>
    </MultiGeometry>
  </Placemark>
  <Placemark>
    <name>P13</name>
    <description><![CDATA[<b>Retiro:</b> NSA I<br/><b>Area aberta:</b> 59.3 ha<br/><b>Area efetiva:</b> 70 ha<br/><b>Potencial producao:</b> 8000<br/><b>Forragem:</b> Forragem 11<br/><b>Curral:</b> Nao<br/><b>IdCocho:</b> 77945<br/><b>IdPasto:</b> 56584]]></description>
    <MultiGeometry>
      <Polygon>
        <tessellate>1</tessellate>
        <outerBoundaryIs>
          <LinearRing>
            <coordinates>-45.4471135,-15.2310861,0 -45.4504180,-15.2367176,0 -45.4462220,-15.2427779,0 -45.4418371,-15.2352855,0 -45.4471135,-15.2310861,0</coordinates>
          </LinearRing>
        </outerBoundaryIs>
      </Polygon>
      <Point>
        <coordinates>-45.4463977,-15.2364668,0</coordinates>
      </Point>
    </MultiGeometry>
  </Placemark>
  <Placemark>
    <name>P46</name>
    <description><![CDATA[<b>Retiro:</b> NSA I<br/><b>Area aberta:</b> 50 ha<br/><b>Area efetiva:</b> 92 ha<br/><b>Potencial producao:</b> 5000<br/><b>Forragem:</b> Forragem 11<br/><b>Curral:</b> Nao<br/><b>IdCocho:</b> 100522<br/><b>IdPasto:</b> 77985]]></description>
    <MultiGeometry>
      <Polygon>
        <tessellate>1</tessellate>
        <outerBoundaryIs>
          <LinearRing>
            <coordinates>-45.3953263,-15.2432610,0 -45.4004131,-15.2539254,0 -45.3970450,-15.2556756,0 -45.3923598,-15.2447500,0 -45.3953263,-15.2432610,0</coordinates>
          </LinearRing>
        </outerBoundaryIs>
      </Polygon>
      <Point>
        <coordinates>-45.3962860,-15.2494030,0</coordinates>
      </Point>
    </MultiGeometry>
  </Placemark>
  <Placemark>
    <name>P47</name>
    <description><![CDATA[<b>Retiro:</b> NSA I<br/><b>Area aberta:</b> 50 ha<br/><b>Potencial producao:</b> 5000<br/><b>Forragem:</b> Forragem 11<br/><b>Curral:</b> Nao<br/><b>IdCocho:</b> 100521<br/><b>IdPasto:</b> 77984]]></description>
    <MultiGeometry>
      <Polygon>
        <tessellate>1</tessellate>
        <outerBoundaryIs>
          <LinearRing>
            <coordinates>-45.3936092,-15.2576400,0 -45.3895418,-15.2461686,0 -45.3922883,-15.2447351,0 -45.3970108,-15.2557111,0 -45.3966742,-15.2562413,0 -45.3936092,-15.2576400,0</coordinates>
          </LinearRing>
        </outerBoundaryIs>
      </Polygon>
      <Point>
        <coordinates>-45.3938249,-15.2520992,0</coordinates>
      </Point>
    </MultiGeometry>
  </Placemark>
  <Placemark>
    <name>P24 - T34</name>
    <description><![CDATA[<b>Retiro:</b> NSA I<br/><b>Area aberta:</b> 13.5 ha<br/><b>Area efetiva:</b> 95 ha<br/><b>Potencial producao:</b> 8000<br/><b>Forragem:</b> Forragem 11<br/><b>Curral:</b> Nao<br/><b>IdCocho:</b> 100531<br/><b>IdPasto:</b> 77994]]></description>
    <MultiGeometry>
      <Polygon>
        <tessellate>1</tessellate>
        <outerBoundaryIs>
          <LinearRing>
            <coordinates>-45.4141105,-15.2453893,0 -45.4108328,-15.2475873,0 -45.4094658,-15.2449927,0 -45.4129207,-15.2431046,0 -45.4141105,-15.2453893,0</coordinates>
          </LinearRing>
        </outerBoundaryIs>
      </Polygon>
      <Point>
        <coordinates>-45.4118324,-15.2452685,0</coordinates>
      </Point>
    </MultiGeometry>
  </Placemark>
  <Placemark>
    <name>P24A - T34</name>
    <description><![CDATA[<b>Retiro:</b> NSA I<br/><b>Area aberta:</b> 13.5 ha<br/><b>Area efetiva:</b> 95 ha<br/><b>Potencial producao:</b> 8000<br/><b>Forragem:</b> Forragem 11<br/><b>Curral:</b> Nao<br/><b>IdCocho:</b> 100530<br/><b>IdPasto:</b> 77993]]></description>
    <MultiGeometry>
      <Polygon>
        <tessellate>1</tessellate>
        <outerBoundaryIs>
          <LinearRing>
            <coordinates>-45.4094494,-15.2450205,0 -45.4081486,-15.2426511,0 -45.4116440,-15.2407237,0 -45.4129672,-15.2432228,0 -45.4094494,-15.2450205,0</coordinates>
          </LinearRing>
        </outerBoundaryIs>
      </Polygon>
      <Point>
        <coordinates>-45.4105523,-15.2429045,0</coordinates>
      </Point>
    </MultiGeometry>
  </Placemark>
  <Placemark>
    <name>P25 - T34</name>
    <description><![CDATA[<b>Retiro:</b> NSA I<br/><b>Area aberta:</b> 13.5 ha<br/><b>Area efetiva:</b> 95 ha<br/><b>Potencial producao:</b> 8000<br/><b>Forragem:</b> Forragem 11<br/><b>Curral:</b> Nao<br/><b>IdCocho:</b> 100533<br/><b>IdPasto:</b> 77996]]></description>
    <MultiGeometry>
      <Polygon>
        <tessellate>1</tessellate>
        <outerBoundaryIs>
          <LinearRing>
            <coordinates>-45.4086760,-15.2490694,0 -45.4074719,-15.2498217,0 -45.4060057,-15.2470340,0 -45.4094510,-15.2450570,0 -45.4108216,-15.2475629,0 -45.4086760,-15.2490694,0</coordinates>
          </LinearRing>
        </outerBoundaryIs>
      </Polygon>
      <Point>
        <coordinates>-45.4084852,-15.2477090,0</coordinates>
      </Point>
    </MultiGeometry>
  </Placemark>
  <Placemark>
    <name>P25A - T34</name>
    <description><![CDATA[<b>Retiro:</b> NSA I<br/><b>Area aberta:</b> 13.5 ha<br/><b>Area efetiva:</b> 95 ha<br/><b>Potencial producao:</b> 8000<br/><b>Forragem:</b> Forragem 11<br/><b>Curral:</b> Nao<br/><b>IdCocho:</b> 100532<br/><b>IdPasto:</b> 77995]]></description>
    <MultiGeometry>
      <Polygon>
        <tessellate>1</tessellate>
        <outerBoundaryIs>
          <LinearRing>
            <coordinates>-45.4059756,-15.2470400,0 -45.4046689,-15.2445112,0 -45.4081320,-15.2426293,0 -45.4094326,-15.2450288,0 -45.4059756,-15.2470400,0</coordinates>
          </LinearRing>
        </outerBoundaryIs>
      </Polygon>
      <Point>
        <coordinates>-45.4070523,-15.2448023,0</coordinates>
      </Point>
    </MultiGeometry>
  </Placemark>
  <Placemark>
    <name>P26 - T34</name>
    <description><![CDATA[<b>Retiro:</b> NSA I<br/><b>Area aberta:</b> 13.5 ha<br/><b>Area efetiva:</b> 95 ha<br/><b>Potencial producao:</b> 8000<br/><b>Forragem:</b> Forragem 11<br/><b>Curral:</b> Nao<br/><b>IdCocho:</b> 100528<br/><b>IdPasto:</b> 77991]]></description>
    <MultiGeometry>
      <Polygon>
        <tessellate>1</tessellate>
        <outerBoundaryIs>
          <LinearRing>
            <coordinates>-45.4116440,-15.2407444,0 -45.4081347,-15.2426357,0 -45.4069033,-15.2402591,0 -45.4103243,-15.2384049,0 -45.4116440,-15.2407444,0</coordinates>
          </LinearRing>
        </outerBoundaryIs>
      </Polygon>
      <Point>
        <coordinates>-45.4092516,-15.2405110,0</coordinates>
      </Point>
    </MultiGeometry>
  </Placemark>
  <Placemark>
    <name>P26A - T34</name>
    <description><![CDATA[<b>Retiro:</b> NSA I<br/><b>Area aberta:</b> 13.5 ha<br/><b>Area efetiva:</b> 95 ha<br/><b>Potencial producao:</b> 8000<br/><b>Forragem:</b> Forragem 11<br/><b>Curral:</b> Nao<br/><b>IdCocho:</b> 100524<br/><b>IdPasto:</b> 77987]]></description>
    <MultiGeometry>
      <Polygon>
        <tessellate>1</tessellate>
        <outerBoundaryIs>
          <LinearRing>
            <coordinates>-45.4068421,-15.2402420,0 -45.4055008,-15.2379829,0 -45.4090561,-15.2360164,0 -45.4103458,-15.2384049,0 -45.4068421,-15.2402420,0</coordinates>
          </LinearRing>
        </outerBoundaryIs>
      </Polygon>
      <Point>
        <coordinates>-45.4079362,-15.2381616,0</coordinates>
      </Point>
    </MultiGeometry>
  </Placemark>
  <Placemark>
    <name>P27 - T34</name>
    <description><![CDATA[<b>Retiro:</b> NSA I<br/><b>Area aberta:</b> 13.4 ha<br/><b>Area efetiva:</b> 95 ha<br/><b>Potencial producao:</b> 8000<br/><b>Forragem:</b> Forragem 11<br/><b>Curral:</b> Nao<br/><b>IdCocho:</b> 100529<br/><b>IdPasto:</b> 77992]]></description>
    <MultiGeometry>
      <Polygon>
        <tessellate>1</tessellate>
        <outerBoundaryIs>
          <LinearRing>
            <coordinates>-45.4046691,-15.2444817,0 -45.4034448,-15.2420914,0 -45.4069125,-15.2402823,0 -45.4081158,-15.2426452,0 -45.4046691,-15.2444817,0</coordinates>
          </LinearRing>
        </outerBoundaryIs>
      </Polygon>
      <Point>
        <coordinates>-45.4057856,-15.2423752,0</coordinates>
      </Point>
    </MultiGeometry>
  </Placemark>
  <Placemark>
    <name>P27A - T34</name>
    <description><![CDATA[<b>Retiro:</b> NSA I<br/><b>Area aberta:</b> 13.5 ha<br/><b>Area efetiva:</b> 95 ha<br/><b>Potencial producao:</b> 8000<br/><b>Forragem:</b> Forragem 11<br/><b>Curral:</b> Nao<br/><b>IdCocho:</b> 100525<br/><b>IdPasto:</b> 77988]]></description>
    <MultiGeometry>
      <Polygon>
        <tessellate>1</tessellate>
        <outerBoundaryIs>
          <LinearRing>
            <coordinates>-45.4054903,-15.2379207,0 -45.4068813,-15.2402823,0 -45.4034146,-15.2420912,0 -45.4022139,-15.2396581,0 -45.4054903,-15.2379207,0</coordinates>
          </LinearRing>
        </outerBoundaryIs>
      </Polygon>
      <Point>
        <coordinates>-45.4045000,-15.2399881,0</coordinates>
      </Point>
    </MultiGeometry>
  </Placemark>
  <Placemark>
    <name>P28 - T34</name>
    <description><![CDATA[<b>Retiro:</b> NSA I<br/><b>Area aberta:</b> 13.5 ha<br/><b>Area efetiva:</b> 95 ha<br/><b>Potencial producao:</b> 8000<br/><b>Forragem:</b> Forragem 11<br/><b>Curral:</b> Nao<br/><b>IdCocho:</b> 100538<br/><b>IdPasto:</b> 78001]]></description>
    <MultiGeometry>
      <Polygon>
        <tessellate>1</tessellate>
        <outerBoundaryIs>
          <LinearRing>
            <coordinates>-45.4074327,-15.2498269,0 -45.4040057,-15.2520186,0 -45.4024993,-15.2490375,0 -45.4059731,-15.2471088,0 -45.4074327,-15.2498269,0</coordinates>
          </LinearRing>
        </outerBoundaryIs>
      </Polygon>
      <Point>
        <coordinates>-45.4049777,-15.2494980,0</coordinates>
      </Point>
    </MultiGeometry>
  </Placemark>
  <Placemark>
    <name>P28A - T34</name>
    <description><![CDATA[<b>Retiro:</b> NSA I<br/><b>Area aberta:</b> 13.5 ha<br/><b>Area efetiva:</b> 95 ha<br/><b>Potencial producao:</b> 8000<br/><b>Forragem:</b> Forragem 11<br/><b>Curral:</b> Nao<br/><b>IdCocho:</b> 100536<br/><b>IdPasto:</b> 77999]]></description>
    <MultiGeometry>
      <Polygon>
        <tessellate>1</tessellate>
        <outerBoundaryIs>
          <LinearRing>
            <coordinates>-45.4025205,-15.2490218,0 -45.4012684,-15.2463366,0 -45.4046535,-15.2445328,0 -45.4059566,-15.2470739,0 -45.4025205,-15.2490218,0</coordinates>
          </LinearRing>
        </outerBoundaryIs>
      </Polygon>
      <Point>
        <coordinates>-45.4035998,-15.2467413,0</coordinates>
      </Point>
    </MultiGeometry>
  </Placemark>
  <Placemark>
    <name>P29 - T34</name>
    <description><![CDATA[<b>Retiro:</b> NSA I<br/><b>Area aberta:</b> 13.5 ha<br/><b>Potencial producao:</b> 8000<br/><b>Forragem:</b> Forragem 11<br/><b>Curral:</b> Nao<br/><b>IdCocho:</b> 100539<br/><b>IdPasto:</b> 78002]]></description>
    <MultiGeometry>
      <Polygon>
        <tessellate>1</tessellate>
        <outerBoundaryIs>
          <LinearRing>
            <coordinates>-45.4004116,-15.2539370,0 -45.3989422,-15.2508063,0 -45.4024817,-15.2490457,0 -45.4040008,-15.2520245,0 -45.4004116,-15.2539370,0</coordinates>
          </LinearRing>
        </outerBoundaryIs>
      </Polygon>
      <Point>
        <coordinates>-45.4014591,-15.2514534,0</coordinates>
      </Point>
    </MultiGeometry>
  </Placemark>
  <Placemark>
    <name>P29A - T34</name>
    <description><![CDATA[<b>Retiro:</b> NSA I<br/><b>Area aberta:</b> 13.5 ha<br/><b>Area efetiva:</b> 95 ha<br/><b>Potencial producao:</b> 8000<br/><b>Forragem:</b> Forragem 11<br/><b>Curral:</b> Nao<br/><b>IdCocho:</b> 100537<br/><b>IdPasto:</b> 78000]]></description>
    <MultiGeometry>
      <Polygon>
        <tessellate>1</tessellate>
        <outerBoundaryIs>
          <LinearRing>
            <coordinates>-45.3989181,-15.2507831,0 -45.3977461,-15.2482329,0 -45.4012928,-15.2463612,0 -45.4025077,-15.2490714,0 -45.3989181,-15.2507831,0</coordinates>
          </LinearRing>
        </outerBoundaryIs>
      </Polygon>
      <Point>
        <coordinates>-45.4001162,-15.2486122,0</coordinates>
      </Point>
    </MultiGeometry>
  </Placemark>
  <Placemark>
    <name>P30 - T34</name>
    <description><![CDATA[<b>Retiro:</b> NSA I<br/><b>Area aberta:</b> 13.5 ha<br/><b>Area efetiva:</b> 95 ha<br/><b>Potencial producao:</b> 8000<br/><b>Forragem:</b> Forragem 11<br/><b>Curral:</b> Nao<br/><b>IdCocho:</b> 100534<br/><b>IdPasto:</b> 77997]]></description>
    <MultiGeometry>
      <Polygon>
        <tessellate>1</tessellate>
        <outerBoundaryIs>
          <LinearRing>
            <coordinates>-45.4000054,-15.2437939,0 -45.4034193,-15.2420962,0 -45.4046535,-15.2445328,0 -45.4012829,-15.2463076,0 -45.4000054,-15.2437939,0</coordinates>
          </LinearRing>
        </outerBoundaryIs>
      </Polygon>
      <Point>
        <coordinates>-45.4023403,-15.2441826,0</coordinates>
      </Point>
    </MultiGeometry>
  </Placemark>
  <Placemark>
    <name>P30A - T34</name>
    <description><![CDATA[<b>Retiro:</b> NSA I<br/><b>Area aberta:</b> 13.5 ha<br/><b>Area efetiva:</b> 95 ha<br/><b>Potencial producao:</b> 8000<br/><b>Forragem:</b> Forragem 11<br/><b>Curral:</b> Nao<br/><b>IdCocho:</b> 100526<br/><b>IdPasto:</b> 77989]]></description>
    <MultiGeometry>
      <Polygon>
        <tessellate>1</tessellate>
        <outerBoundaryIs>
          <LinearRing>
            <coordinates>-45.4000058,-15.2438098,0 -45.3987929,-15.2413624,0 -45.4022292,-15.2397028,0 -45.4034340,-15.2421134,0 -45.4000058,-15.2438098,0</coordinates>
          </LinearRing>
        </outerBoundaryIs>
      </Polygon>
      <Point>
        <coordinates>-45.4011155,-15.2417471,0</coordinates>
      </Point>
    </MultiGeometry>
  </Placemark>
  <Placemark>
    <name>P31 - T34</name>
    <description><![CDATA[<b>Retiro:</b> NSA I<br/><b>Area aberta:</b> 13.5 ha<br/><b>Area efetiva:</b> 95 ha<br/><b>Potencial producao:</b> 8000<br/><b>Forragem:</b> Forragem 11<br/><b>Curral:</b> Nao<br/><b>IdCocho:</b> 100535<br/><b>IdPasto:</b> 77998]]></description>
    <MultiGeometry>
      <Polygon>
        <tessellate>1</tessellate>
        <outerBoundaryIs>
          <LinearRing>
            <coordinates>-45.3977422,-15.2482351,0 -45.3964892,-15.2456134,0 -45.3999852,-15.2438196,0 -45.4012488,-15.2463427,0 -45.3977422,-15.2482351,0</coordinates>
          </LinearRing>
        </outerBoundaryIs>
      </Polygon>
      <Point>
        <coordinates>-45.3988664,-15.2460027,0</coordinates>
      </Point>
    </MultiGeometry>
  </Placemark>
  <Placemark>
    <name>P31A - T34</name>
    <description><![CDATA[<b>Retiro:</b> NSA I<br/><b>Area aberta:</b> 13.4 ha<br/><b>Area efetiva:</b> 95 ha<br/><b>Potencial producao:</b> 8000<br/><b>Forragem:</b> Forragem 11<br/><b>Curral:</b> Nao<br/><b>IdCocho:</b> 100527<br/><b>IdPasto:</b> 77990]]></description>
    <MultiGeometry>
      <Polygon>
        <tessellate>1</tessellate>
        <outerBoundaryIs>
          <LinearRing>
            <coordinates>-45.3953189,-15.2431924,0 -45.3987625,-15.2413449,0 -45.3999982,-15.2438530,0 -45.3964892,-15.2456290,0 -45.3953189,-15.2431924,0</coordinates>
          </LinearRing>
        </outerBoundaryIs>
      </Polygon>
      <Point>
        <coordinates>-45.3976422,-15.2435048,0</coordinates>
      </Point>
    </MultiGeometry>
  </Placemark>
  <Placemark>
    <name>P01 - T32</name>
    <description><![CDATA[<b>Retiro:</b> NSA I<br/><b>Area aberta:</b> 14.14 ha<br/><b>Area efetiva:</b> 90 ha<br/><b>Forragem:</b> Forragem 56<br/><b>Curral:</b> Nao<br/><b>IdCocho:</b> 134565<br/><b>IdPasto:</b> 109786]]></description>
    <MultiGeometry>
      <Polygon>
        <tessellate>1</tessellate>
        <outerBoundaryIs>
          <LinearRing>
            <coordinates>-45.4290891,-15.2335914,0 -45.4250979,-15.2358898,0 -45.4265034,-15.2379290,0 -45.4303790,-15.2354355,0 -45.4290891,-15.2335914,0</coordinates>
          </LinearRing>
        </outerBoundaryIs>
      </Polygon>
      <Point>
        <coordinates>-45.4277673,-15.2357114,0</coordinates>
      </Point>
    </MultiGeometry>
  </Placemark>
  <Placemark>
    <name>P02 - T32</name>
    <description><![CDATA[<b>Retiro:</b> NSA I<br/><b>Area aberta:</b> 13.58 ha<br/><b>Area efetiva:</b> 90 ha<br/><b>Forragem:</b> Forragem 56<br/><b>Curral:</b> Nao<br/><b>IdCocho:</b> 134566<br/><b>IdPasto:</b> 109787]]></description>
    <MultiGeometry>
      <Polygon>
        <tessellate>1</tessellate>
        <outerBoundaryIs>
          <LinearRing>
            <coordinates>-45.4250872,-15.2358898,0 -45.4211283,-15.2382604,0 -45.4225445,-15.2406721,0 -45.4265034,-15.2379290,0 -45.4250872,-15.2358898,0</coordinates>
          </LinearRing>
        </outerBoundaryIs>
      </Polygon>
      <Point>
        <coordinates>-45.4238158,-15.2381878,0</coordinates>
      </Point>
    </MultiGeometry>
  </Placemark>
  <Placemark>
    <name>P03 - T32</name>
    <description><![CDATA[<b>Retiro:</b> NSA I<br/><b>Area aberta:</b> 13.99 ha<br/><b>Area efetiva:</b> 90 ha<br/><b>Forragem:</b> Forragem 56<br/><b>Curral:</b> Nao<br/><b>IdCocho:</b> 134568<br/><b>IdPasto:</b> 109789]]></description>
    <MultiGeometry>
      <Polygon>
        <tessellate>1</tessellate>
        <outerBoundaryIs>
          <LinearRing>
            <coordinates>-45.4211283,-15.2382811,0 -45.4169762,-15.2406620,0 -45.4185319,-15.2433945,0 -45.4225445,-15.2406825,0 -45.4211283,-15.2382811,0</coordinates>
          </LinearRing>
        </outerBoundaryIs>
      </Polygon>
      <Point>
        <coordinates>-45.4197952,-15.2407550,0</coordinates>
      </Point>
    </MultiGeometry>
  </Placemark>
  <Placemark>
    <name>PItalia</name>
    <description><![CDATA[<b>Retiro:</b> NSA I<br/><b>Area aberta:</b> 41.6 ha<br/><b>Forragem:</b> n/d<br/><b>Curral:</b> Nao<br/><b>IdCocho:</b> 35257<br/><b>IdPasto:</b> 11642]]></description>
    <MultiGeometry>
      <Polygon>
        <tessellate>1</tessellate>
        <outerBoundaryIs>
          <LinearRing>
            <coordinates>-45.4201406,-15.2821454,0 -45.4248918,-15.2875796,0 -45.4248836,-15.2878072,0 -45.4247580,-15.2879823,0 -45.4218693,-15.2887710,0 -45.4218654,-15.2889174,0 -45.4231807,-15.2918205,0 -45.4231720,-15.2921940,0 -45.4229283,-15.2923564,0 -45.4199606,-15.2937420,0 -45.4179020,-15.2922380,0 -45.4204193,-15.2894572,0 -45.4207316,-15.2887118,0 -45.4207961,-15.2879187,0 -45.4205913,-15.2871156,0 -45.4200998,-15.2863750,0 -45.4198471,-15.2858212,0 -45.4194845,-15.2850677,0 -45.4190162,-15.2842641,0 -45.4180202,-15.2836001,0 -45.4201484,-15.2821329,0 -45.4180269,-15.2835914,0 -45.4201406,-15.2821454,0</coordinates>
          </LinearRing>
        </outerBoundaryIs>
      </Polygon>
      <Point>
        <coordinates>-45.4210334,-15.2877095,0</coordinates>
      </Point>
    </MultiGeometry>
  </Placemark>
</Document>
</kml>
